Filename,Material,Thickness,Energy,Fluence1,Fluence1 error (%),Fluence2,Fluence2 error (%)
cdte-1000-1030,cdte,1000,1030,6666.627,3.3880782E-04,6474.708,1.4809877E-02
cdte-1000-1080,cdte,1000,1080,6666.611,0.000000,6484.727,1.5451964E-02
cdte-1000-1130,cdte,1000,1130,6666.683,2.7343200E-04,6486.856,2.2448024E-02
cdte-1000-1180,cdte,1000,1180,6666.680,7.5621094E-04,6489.945,2.2607775E-02
cdte-1000-1230,cdte,1000,1230,6666.661,5.0854118E-04,6494.171,1.7104585E-02
cdte-1000-1280,cdte,1000,1280,6666.655,3.5439010E-04,6498.529,2.1302031E-02
cdte-1000-130,cdte,1000,130,6666.737,1.5178184E-03,4117.201,9.2628054E-02
cdte-1000-1330,cdte,1000,1330,6666.624,3.1079203E-04,6502.387,2.5757806E-02
cdte-1000-180,cdte,1000,180,6666.767,1.7278950E-03,5340.236,6.4590774E-02
cdte-1000-230,cdte,1000,230,6666.866,3.0950836E-03,5830.303,6.0733490E-02
cdte-1000-280,cdte,1000,280,6666.639,1.8946803E-04,6058.633,2.3292396E-02
cdte-1000-30,cdte,1000,30,0.000000,0.000000,0.000000,0.000000
cdte-1000-330,cdte,1000,330,6666.605,0.000000,6180.867,5.7799567E-02
cdte-1000-380,cdte,1000,380,6667.040,5.7261069E-03,6256.936,3.5596833E-02
cdte-1000-430,cdte,1000,430,6666.855,3.1436416E-03,6302.984,2.7953284E-02
cdte-1000-480,cdte,1000,480,6666.683,6.3889252E-04,6344.993,3.8422532E-02
cdte-1000-530,cdte,1000,530,6666.952,3.2514133E-03,6365.907,3.2197274E-02
cdte-1000-580,cdte,1000,580,6666.767,1.3661830E-03,6386.420,2.1549830E-02
cdte-1000-630,cdte,1000,630,6666.628,2.1507742E-04,6403.842,1.4836853E-02
cdte-1000-680,cdte,1000,680,6666.627,2.1574560E-04,6416.708,2.0783350E-02
cdte-1000-730,cdte,1000,730,6666.828,3.1061675E-03,6427.542,4.7257084E-02
cdte-1000-780,cdte,1000,780,6666.667,2.6661548E-04,6441.664,1.4252434E-02
cdte-1000-80,cdte,1000,80,6666.639,7.9408375E-04,1175.402,0.3885755
cdte-1000-830,cdte,1000,830,6666.594,2.0564681E-04,6448.906,1.2627308E-02
cdte-1000-880,cdte,1000,880,6666.693,4.8898644E-04,6455.056,1.1956341E-02
cdte-1000-930,cdte,1000,930,6666.667,3.7180181E-04,6463.542,3.0166440E-02
cdte-1000-980,cdte,1000,980,6666.637,4.8026745E-04,6469.803,1.3612201E-02
cdte-1100-1030,cdte,1100,1030,6666.633,4.1571335E-04,6455.272,2.1962658E-02
cdte-1100-1080,cdte,1100,1080,6666.652,3.6047323E-04,6460.876,2.5806349E-02
cdte-1100-1130,cdte,1100,1130,6666.672,2.5706380E-04,6467.333,2.8674863E-02
cdte-1100-1180,cdte,1100,1180,6666.642,2.4280003E-04,6471.306,2.0875366E-02
cdte-1100-1230,cdte,1100,1230,6666.672,4.9442932E-04,6473.507,1.8912477E-02
cdte-1100-1280,cdte,1100,1280,6666.645,1.5897809E-04,6481.776,1.8131390E-02
cdte-1100-130,cdte,1100,130,6666.728,1.4736840E-03,3910.722,0.1185916
cdte-1100-1330,cdte,1100,1330,6666.599,0.000000,6486.631,2.3212688E-02
cdte-1100-180,cdte,1100,180,6666.761,1.8041516E-03,5219.544,7.2883181E-02
cdte-1100-230,cdte,1100,230,6666.864,3.2213146E-03,5743.829,3.2603558E-02
cdte-1100-280,cdte,1100,280,6666.647,1.1701974E-04,5997.152,6.1645027E-02
cdte-1100-30,cdte,1100,30,0.000000,0.000000,0.000000,0.000000
cdte-1100-330,cdte,1100,330,6666.605,0.000000,6133.087,4.7504522E-02
cdte-1100-380,cdte,1100,380,6667.012,5.8142557E-03,6215.753,4.7775671E-02
cdte-1100-430,cdte,1100,430,6666.875,3.0975202E-03,6268.638,8.5257061E-02
cdte-1100-480,cdte,1100,480,6666.642,0.000000,6306.774,4.5049105E-02
cdte-1100-530,cdte,1100,530,6666.952,3.2514133E-03,6335.757,3.8132008E-02
cdte-1100-580,cdte,1100,580,6666.749,1.3266122E-03,6355.876,9.8593095E-03
cdte-1100-630,cdte,1100,630,6666.639,0.000000,6373.498,4.1925523E-02
cdte-1100-680,cdte,1100,680,6666.850,3.1141564E-03,6389.000,5.5650685E-02
cdte-1100-730,cdte,1100,730,6666.921,3.1459008E-03,6402.105,2.7546583E-02
cdte-1100-780,cdte,1100,780,6666.867,3.0533865E-03,6415.999,4.7297902E-02
cdte-1100-80,cdte,1100,80,6666.639,7.9408375E-04,981.3376,0.2888493
cdte-1100-830,cdte,1100,830,6666.580,2.5134865E-04,6424.337,4.2313449E-02
cdte-1100-880,cdte,1100,880,6666.648,0.000000,6432.528,3.1729899E-02
cdte-1100-930,cdte,1100,930,6666.649,2.4095693E-04,6439.242,1.8254379E-02
cdte-1100-980,cdte,1100,980,6666.656,4.7380500E-04,6448.876,1.8455492E-02
cdte-1200-1030,cdte,1200,1030,6666.616,2.2232767E-04,6436.215,1.5872546E-02
cdte-1200-1080,cdte,1200,1080,6666.635,3.0817222E-04,6441.218,2.8897839E-02
cdte-1200-1130,cdte,1200,1130,6666.672,2.5487324E-04,6448.005,8.2154144E-03
cdte-1200-1180,cdte,1200,1180,6666.642,2.4279721E-04,6453.055,2.8289989E-02
cdte-1200-1230,cdte,1200,1230,6666.674,5.1581633E-04,6454.245,2.7849680E-02
cdte-1200-1280,cdte,1200,1280,6666.645,1.5897809E-04,6463.453,2.1506783E-02
cdte-1200-130,cdte,1200,130,6666.737,1.4554389E-03,3719.429,8.7072030E-02
cdte-1200-1330,cdte,1200,1330,6666.613,1.4798077E-04,6466.452,1.9899126E-02
cdte-1200-180,cdte,1200,180,6666.977,4.7500320E-03,5103.440,5.6359503E-02
cdte-1200-230,cdte,1200,230,6666.866,3.2146061E-03,5666.556,4.5856293E-02
cdte-1200-280,cdte,1200,280,6666.663,6.3038035E-04,5935.345,5.4221332E-02
cdte-1200-30,cdte,1200,30,0.000000,0.000000,0.000000,0.000000
cdte-1200-330,cdte,1200,330,6666.592,2.0855514E-04,6083.268,4.6285968E-02
cdte-1200-380,cdte,1200,380,6667.043,5.7094656E-03,6169.612,3.7467517E-02
cdte-1200-430,cdte,1200,430,6666.873,3.1042374E-03,6229.080,4.5341082E-02
cdte-1200-480,cdte,1200,480,6666.640,0.000000,6270.878,4.6765219E-02
cdte-1200-530,cdte,1200,530,6666.952,3.2503831E-03,6305.714,2.2310242E-02
cdte-1200-580,cdte,1200,580,6666.748,1.5905014E-03,6328.626,2.2495532E-02
cdte-1200-630,cdte,1200,630,6666.639,0.000000,6345.739,2.1614358E-02
cdte-1200-680,cdte,1200,680,6666.848,3.1208859E-03,6364.536,3.0794110E-02
cdte-1200-730,cdte,1200,730,6666.809,2.9247217E-03,6378.405,3.1401809E-02
cdte-1200-780,cdte,1200,780,6666.877,3.0378131E-03,6391.258,3.4228560E-02
cdte-1200-80,cdte,1200,80,6666.644,7.7227177E-04,826.0339,0.2382396
cdte-1200-830,cdte,1200,830,6666.596,2.2334125E-04,6399.021,3.9033439E-02
cdte-1200-880,cdte,1200,880,6666.656,1.2685671E-04,6408.002,2.5425933E-02
cdte-1200-930,cdte,1200,930,6666.852,2.6787496E-03,6420.815,3.7975162E-02
cdte-1200-980,cdte,1200,980,6666.656,4.7380500E-04,6425.314,2.6104832E-02
cdte-1300-1030,cdte,1300,1030,6666.642,1.1856307E-04,6414.419,2.3627805E-02
cdte-1300-1080,cdte,1300,1080,6666.647,5.0151558E-04,6420.550,1.1604637E-02
cdte-1300-1130,cdte,1300,1130,6666.705,5.0921110E-04,6425.242,2.9779961E-02
cdte-1300-1180,cdte,1300,1180,6666.661,4.5034935E-04,6433.140,4.5555431E-02
cdte-1300-1230,cdte,1300,1230,6666.631,0.000000,6435.010,1.6362356E-02
cdte-1300-1280,cdte,1300,1280,6666.645,1.5897809E-04,6443.776,1.6475236E-02
cdte-1300-130,cdte,1300,130,6666.809,1.6109259E-03,3541.456,8.8309735E-02
cdte-1300-1330,cdte,1300,1330,6666.611,1.5291601E-04,6445.864,2.7815465E-02
cdte-1300-180,cdte,1300,180,6666.643,3.9861916E-04,4977.438,4.0337734E-02
cdte-1300-230,cdte,1300,230,6666.685,2.0894092E-04,5587.812,5.4275751E-02
cdte-1300-280,cdte,1300,280,6666.626,1.9984432E-04,5869.343,6.0849208E-03
cdte-1300-30,cdte,1300,30,0.000000,0.000000,0.000000,0.000000
cdte-1300-330,cdte,1300,330,6666.606,0.000000,6032.369,4.9997825E-02
cdte-1300-380,cdte,1300,380,6667.013,5.8368035E-03,6130.881,2.1928862E-02
cdte-1300-430,cdte,1300,430,6666.849,3.1690300E-03,6188.386,3.3594277E-02
cdte-1300-480,cdte,1300,480,6666.640,0.000000,6237.059,2.4314625E-02
cdte-1300-530,cdte,1300,530,6666.952,3.2503831E-03,6272.212,2.2548588E-02
cdte-1300-580,cdte,1300,580,6666.957,3.1967375E-03,6300.246,2.9238442E-02
cdte-1300-630,cdte,1300,630,6666.639,0.000000,6318.929,1.2226208E-02
cdte-1300-680,cdte,1300,680,6666.678,1.1220581E-03,6341.164,1.9661600E-02
cdte-1300-730,cdte,1300,730,6666.809,2.9247217E-03,6351.362,3.4472372E-02
cdte-1300-780,cdte,1300,780,6666.864,3.1037994E-03,6365.967,5.7632621E-02
cdte-1300-80,cdte,1300,80,6666.710,5.3011684E-04,693.6435,9.6408598E-02
cdte-1300-830,cdte,1300,830,6666.632,6.7748653E-04,6377.072,2.4223693E-02
cdte-1300-880,cdte,1300,880,6666.704,7.5908791E-04,6388.503,4.3148514E-02
cdte-1300-930,cdte,1300,930,6666.661,3.0010767E-04,6399.266,4.1144785E-02
cdte-1300-980,cdte,1300,980,6666.656,2.9069459E-04,6404.446,2.3432637E-02
cdte-1400-1030,cdte,1400,1030,6666.657,2.5728423E-04,6393.997,2.7821662E-02
cdte-1400-1080,cdte,1400,1080,6666.651,3.2534872E-04,6400.462,9.7788405E-03
cdte-1400-1130,cdte,1400,1130,6666.666,1.8938122E-04,6409.851,5.2581497E-02
cdte-1400-1180,cdte,1400,1180,6666.613,0.000000,6411.872,1.3987515E-02
cdte-1400-1230,cdte,1400,1230,6666.648,2.1368825E-04,6417.433,1.7988293E-02
cdte-1400-1280,cdte,1400,1280,6666.646,1.8602729E-04,6423.825,1.7867422E-02
cdte-1400-130,cdte,1400,130,6666.734,1.4099538E-03,3369.106,0.1352208
cdte-1400-1330,cdte,1400,1330,6666.615,1.6407765E-04,6426.699,1.5813004E-02
cdte-1400-180,cdte,1400,180,6666.669,4.6571140E-04,4864.955,5.9400626E-02
cdte-1400-230,cdte,1400,230,6666.659,1.4879392E-04,5502.209,6.1374117E-02
cdte-1400-280,cdte,1400,280,6666.646,3.3634418E-04,5812.576,5.3582765E-02
cdte-1400-30,cdte,1400,30,0.000000,0.000000,0.000000,0.000000
cdte-1400-330,cdte,1400,330,6666.606,0.000000,5980.799,4.4708438E-02
cdte-1400-380,cdte,1400,380,6666.803,1.6485059E-03,6090.392,2.9843947E-02
cdte-1400-430,cdte,1400,430,6666.823,3.0386024E-03,6151.046,4.0124163E-02
cdte-1400-480,cdte,1400,480,6666.693,8.1459276E-04,6204.452,4.8683755E-02
cdte-1400-530,cdte,1400,530,6666.745,1.9836801E-03,6243.876,1.6898852E-02
cdte-1400-580,cdte,1400,580,6666.854,3.1809038E-03,6269.732,1.5026977E-02
cdte-1400-630,cdte,1400,630,6666.639,0.000000,6294.285,3.6151722E-02
cdte-1400-680,cdte,1400,680,6666.705,9.9926954E-04,6311.433,5.7413295E-02
cdte-1400-730,cdte,1400,730,6666.823,3.1259358E-03,6327.772,3.5426904E-02
cdte-1400-780,cdte,1400,780,6666.864,3.6820858E-03,6338.121,6.6142894E-02
cdte-1400-80,cdte,1400,80,6666.706,7.5843738E-04,578.2765,0.2691818
cdte-1400-830,cdte,1400,830,6666.650,9.4803720E-04,6353.682,2.2666803E-02
cdte-1400-880,cdte,1400,880,6666.843,2.9241296E-03,6365.805,4.8791252E-02
cdte-1400-930,cdte,1400,930,6666.626,2.3021530E-04,6376.473,1.2403416E-02
cdte-1400-980,cdte,1400,980,6666.640,2.2418340E-04,6383.450,5.0627212E-03
cdte-1500-1030,cdte,1500,1030,6666.648,1.9491764E-04,6372.238,3.9814986E-02
cdte-1500-1080,cdte,1500,1080,6666.648,3.0731634E-04,6379.982,1.9798238E-02
cdte-1500-1130,cdte,1500,1130,6666.684,4.5013116E-04,6386.014,3.4068398E-02
cdte-1500-1180,cdte,1500,1180,6666.613,0.000000,6393.610,1.8280869E-02
cdte-1500-1230,cdte,1500,1230,6666.645,2.0882074E-04,6399.903,2.9314900E-02
cdte-1500-1280,cdte,1500,1280,6666.646,1.8602729E-04,6406.142,3.1564202E-02
cdte-1500-130,cdte,1500,130,6666.747,1.4008150E-03,3204.934,0.1696175
cdte-1500-1330,cdte,1500,1330,6666.616,1.5810934E-04,6410.571,3.0041885E-02
cdte-1500-180,cdte,1500,180,6666.666,5.3479266E-04,4751.300,8.8065378E-02
cdte-1500-230,cdte,1500,230,6666.668,1.5595197E-04,5431.318,6.4859331E-02
cdte-1500-280,cdte,1500,280,6666.651,4.2838079E-04,5752.679,4.3575391E-02
cdte-1500-30,cdte,1500,30,0.000000,0.000000,0.000000,0.000000
cdte-1500-330,cdte,1500,330,6666.613,1.3722034E-04,5932.955,5.3267173E-02
cdte-1500-380,cdte,1500,380,6667.178,7.2025200E-03,6045.684,4.8379399E-02
cdte-1500-430,cdte,1500,430,6666.819,3.2970412E-03,6113.426,2.4755595E-02
cdte-1500-480,cdte,1500,480,6666.884,3.0627062E-03,6169.232,2.3786321E-02
cdte-1500-530,cdte,1500,530,6666.744,1.9701978E-03,6211.959,2.5497248E-02
cdte-1500-580,cdte,1500,580,6666.830,3.0282903E-03,6238.596,2.1781744E-02
cdte-1500-630,cdte,1500,630,6666.640,0.000000,6265.888,4.2678490E-02
cdte-1500-680,cdte,1500,680,6666.900,3.1073410E-03,6283.564,4.7224980E-02
cdte-1500-730,cdte,1500,730,6666.823,3.1259358E-03,6303.688,3.0297257E-02
cdte-1500-780,cdte,1500,780,6666.880,3.6179416E-03,6313.125,4.6464309E-02
cdte-1500-80,cdte,1500,80,6666.678,3.2187116E-04,487.2365,0.4264687
cdte-1500-830,cdte,1500,830,6666.606,0.000000,6330.144,2.3795040E-02
cdte-1500-880,cdte,1500,880,6666.700,7.7224639E-04,6343.247,3.3422280E-02
cdte-1500-930,cdte,1500,930,6666.683,7.3983218E-04,6356.244,2.8685058E-02
cdte-1500-980,cdte,1500,980,6666.654,2.9027663E-04,6362.200,3.8014837E-02
cdte-1600-1030,cdte,1600,1030,6666.648,2.6682814E-04,6348.993,1.4921289E-02
cdte-1600-1080,cdte,1600,1080,6666.648,3.0731744E-04,6362.243,4.0663034E-02
cdte-1600-1130,cdte,1600,1130,6666.668,1.8375435E-04,6368.398,3.3531144E-02
cdte-1600-1180,cdte,1600,1180,6666.625,1.8032068E-04,6374.411,3.8601417E-02
cdte-1600-1230,cdte,1600,1230,6666.638,1.7196943E-04,6379.957,3.2632645E-02
cdte-1600-1280,cdte,1600,1280,6666.658,3.6033013E-04,6387.084,2.9065451E-02
cdte-1600-130,cdte,1600,130,6666.733,1.4612724E-03,3048.614,0.2394194
cdte-1600-1330,cdte,1600,1330,6666.602,2.1697402E-04,6391.838,4.7617257E-02
cdte-1600-180,cdte,1600,180,6666.631,2.2493537E-04,4646.998,8.6700112E-02
cdte-1600-230,cdte,1600,230,6666.648,6.2306097E-04,5359.036,3.0995006E-02
cdte-1600-280,cdte,1600,280,6666.609,3.4689388E-04,5696.067,3.7283566E-02
cdte-1600-30,cdte,1600,30,0.000000,0.000000,0.000000,0.000000
cdte-1600-330,cdte,1600,330,6666.591,2.0150364E-04,5880.956,5.5166434E-02
cdte-1600-380,cdte,1600,380,6666.804,1.6480351E-03,6000.593,6.6910848E-02
cdte-1600-430,cdte,1600,430,6666.829,3.3130166E-03,6080.621,4.1497614E-02
cdte-1600-480,cdte,1600,480,6666.828,3.2349566E-03,6132.613,1.1734502E-02
cdte-1600-530,cdte,1600,530,6666.821,3.1246713E-03,6177.451,2.7771935E-02
cdte-1600-580,cdte,1600,580,6666.841,3.2328735E-03,6208.174,2.8072799E-02
cdte-1600-630,cdte,1600,630,6666.640,0.000000,6234.882,1.9828686E-02
cdte-1600-680,cdte,1600,680,6666.906,3.0800377E-03,6256.277,3.6715303E-02
cdte-1600-730,cdte,1600,730,6666.614,0.000000,6277.461,1.5660970E-02
cdte-1600-780,cdte,1600,780,6666.892,3.0255488E-03,6289.984,4.0603921E-02
cdte-1600-80,cdte,1600,80,6666.713,5.4867961E-04,409.2570,0.3453121
cdte-1600-830,cdte,1600,830,6666.646,6.1180961E-04,6309.605,2.3820888E-02
cdte-1600-880,cdte,1600,880,6666.648,0.000000,6317.166,3.0046923E-02
cdte-1600-930,cdte,1600,930,6666.631,2.6751403E-04,6332.919,1.9557565E-02
cdte-1600-980,cdte,1600,980,6666.665,4.4981804E-04,6341.272,2.3940424E-02
cdte-1700-1030,cdte,1700,1030,6666.657,2.5671226E-04,6330.983,1.3883547E-02
cdte-1700-1080,cdte,1700,1080,6666.623,1.9535494E-04,6342.182,2.9057937E-02
cdte-1700-1130,cdte,1700,1130,6666.656,0.000000,6346.282,2.9078158E-02
cdte-1700-1180,cdte,1700,1180,6666.600,2.0019086E-04,6356.992,3.6544334E-02
cdte-1700-1230,cdte,1700,1230,6666.652,3.7243284E-04,6361.903,1.9857908E-02
cdte-1700-1280,cdte,1700,1280,6666.646,1.8602729E-04,6369.646,1.2209435E-02
cdte-1700-130,cdte,1700,130,6666.775,2.0230808E-03,2904.982,0.1701789
cdte-1700-1330,cdte,1700,1330,6666.610,1.5654202E-04,6377.180,3.8053911E-02
cdte-1700-180,cdte,1700,180,6666.658,5.0589332E-04,4543.930,0.1125723
cdte-1700-230,cdte,1700,230,6666.677,4.2296443E-04,5278.541,6.1641734E-02
cdte-1700-280,cdte,1700,280,6666.639,2.7046184E-04,5639.029,8.6786292E-02
cdte-1700-30,cdte,1700,30,0.000000,0.000000,0.000000,0.000000
cdte-1700-330,cdte,1700,330,6666.591,2.0150364E-04,5832.026,3.7268005E-02
cdte-1700-380,cdte,1700,380,6666.672,6.4017239E-04,5959.020,2.9067839E-02
cdte-1700-430,cdte,1700,430,6666.856,3.1937575E-03,6041.651,3.0813269E-02
cdte-1700-480,cdte,1700,480,6666.863,3.1106162E-03,6102.459,2.5241461E-02
cdte-1700-530,cdte,1700,530,6666.744,1.9701978E-03,6146.744,2.8168876E-02
cdte-1700-580,cdte,1700,580,6666.716,1.5635146E-03,6179.944,3.0738112E-02
cdte-1700-630,cdte,1700,630,6666.668,4.2818670E-04,6209.378,3.6953047E-02
cdte-1700-680,cdte,1700,680,6666.705,9.9926954E-04,6234.339,6.4804532E-02
cdte-1700-730,cdte,1700,730,6666.604,2.1261051E-04,6252.298,2.9570347E-02
cdte-1700-780,cdte,1700,780,6666.879,3.1031657E-03,6267.578,4.1648347E-02
cdte-1700-80,cdte,1700,80,6666.731,4.8002752E-04,342.2227,0.4647233
cdte-1700-830,cdte,1700,830,6666.606,0.000000,6283.842,8.7878350E-03
cdte-1700-880,cdte,1700,880,6666.682,5.1399181E-04,6300.710,3.1951305E-02
cdte-1700-930,cdte,1700,930,6666.622,2.0958405E-04,6314.108,2.7914807E-02
cdte-1700-980,cdte,1700,980,6666.634,0.000000,6318.702,2.7529860E-02
cdte-1800-1030,cdte,1800,1030,6666.634,1.2714427E-04,6311.080,2.4436610E-02
cdte-1800-1080,cdte,1800,1080,6666.610,0.000000,6321.807,2.3167918E-02
cdte-1800-1130,cdte,1800,1130,6666.688,3.2612894E-04,6327.193,1.4515317E-02
cdte-1800-1180,cdte,1800,1180,6666.625,1.8032068E-04,6338.337,3.7099551E-02
cdte-1800-1230,cdte,1800,1230,6666.641,1.9833655E-04,6342.342,2.7599249E-02
cdte-1800-1280,cdte,1800,1280,6666.633,0.000000,6354.701,2.5971761E-02
cdte-1800-130,cdte,1800,130,6666.698,1.7936435E-03,2767.585,0.2397601
cdte-1800-1330,cdte,1800,1330,6666.599,2.8766826E-04,6356.506,1.9115396E-02
cdte-1800-180,cdte,1800,180,6666.679,5.4700265E-04,4442.739,0.1134986
cdte-1800-230,cdte,1800,230,6666.647,4.6056020E-04,5204.021,0.1108897
cdte-1800-280,cdte,1800,280,6666.653,3.8740941E-04,5576.260,6.8092346E-02
cdte-1800-30,cdte,1800,30,0.000000,0.000000,0.000000,0.000000
cdte-1800-330,cdte,1800,330,6666.591,2.0150533E-04,5785.528,6.6108830E-02
cdte-1800-380,cdte,1800,380,6666.646,5.5455923E-04,5918.833,6.3301712E-02
cdte-1800-430,cdte,1800,430,6666.944,3.1814866E-03,6002.704,3.8907196E-02
cdte-1800-480,cdte,1800,480,6666.618,2.8635835E-04,6068.642,2.9068260E-02
cdte-1800-530,cdte,1800,530,6666.744,1.9701978E-03,6114.326,3.5964154E-02
cdte-1800-580,cdte,1800,580,6666.640,2.2740080E-04,6150.324,4.6984214E-02
cdte-1800-630,cdte,1800,630,6666.650,4.5363136E-04,6181.090,3.9695561E-02
cdte-1800-680,cdte,1800,680,6666.678,1.1659323E-03,6206.951,4.0146023E-02
cdte-1800-730,cdte,1800,730,6666.606,2.1023909E-04,6227.318,5.0108146E-02
cdte-1800-780,cdte,1800,780,6666.833,3.1706546E-03,6243.731,2.3750108E-02
cdte-1800-80,cdte,1800,80,6666.731,4.8002752E-04,286.8659,1.033488
cdte-1800-830,cdte,1800,830,6666.606,0.000000,6257.341,2.4318891E-02
cdte-1800-880,cdte,1800,880,6666.669,5.9663755E-04,6278.772,2.2820646E-02
cdte-1800-930,cdte,1800,930,6666.615,1.9525379E-04,6288.838,2.6681492E-02
cdte-1800-980,cdte,1800,980,6666.630,6.1751116E-04,6298.256,1.8365152E-02
cdte-1900-1030,cdte,1900,1030,6666.623,2.6708416E-04,6287.145,4.0565729E-02
cdte-1900-1080,cdte,1900,1080,6666.597,2.1102135E-04,6298.731,3.4510363E-02
cdte-1900-1130,cdte,1900,1130,6666.661,4.1548104E-04,6309.187,2.4046678E-02
cdte-1900-1180,cdte,1900,1180,6666.600,2.0019086E-04,6321.564,3.3761006E-02
cdte-1900-1230,cdte,1900,1230,6666.625,2.9447096E-04,6319.356,5.0892711E-02
cdte-1900-1280,cdte,1900,1280,6666.644,1.9125246E-04,6332.269,2.2056991E-02
cdte-1900-130,cdte,1900,130,6666.656,1.4749441E-03,2634.887,0.2108951
cdte-1900-1330,cdte,1900,1330,6666.597,2.8334028E-04,6337.910,2.3739733E-02
cdte-1900-180,cdte,1900,180,6666.705,7.2497281E-04,4342.816,0.1041066
cdte-1900-230,cdte,1900,230,6666.666,2.5341194E-04,5123.011,8.1097372E-02
cdte-1900-280,cdte,1900,280,6666.691,1.0242084E-03,5520.698,3.3763874E-02
cdte-1900-30,cdte,1900,30,0.000000,0.000000,0.000000,0.000000
cdte-1900-330,cdte,1900,330,6666.639,7.9569570E-04,5744.968,5.9054658E-02
cdte-1900-380,cdte,1900,380,6666.659,7.2029239E-04,5880.064,3.5058577E-02
cdte-1900-430,cdte,1900,430,6666.921,3.1177716E-03,5969.913,2.0176295E-02
cdte-1900-480,cdte,1900,480,6666.842,3.2505267E-03,6033.298,6.3815564E-02
cdte-1900-530,cdte,1900,530,6666.730,2.0301181E-03,6086.880,2.2403181E-02
cdte-1900-580,cdte,1900,580,6666.662,0.000000,6118.898,1.3262266E-02
cdte-1900-630,cdte,1900,630,6666.787,1.5475157E-03,6155.032,3.7921026E-02
cdte-1900-680,cdte,1900,680,6666.678,1.1220585E-03,6181.234,4.9487520E-02
cdte-1900-730,cdte,1900,730,6666.604,1.9682496E-04,6202.399,3.7457615E-02
cdte-1900-780,cdte,1900,780,6666.867,3.1638721E-03,6219.938,4.7242638E-02
cdte-1900-80,cdte,1900,80,6666.759,5.5110030E-04,242.0431,0.8257722
cdte-1900-830,cdte,1900,830,6666.593,2.0214070E-04,6237.591,4.1692965E-02
cdte-1900-880,cdte,1900,880,6666.843,3.1807965E-03,6256.104,4.0009290E-02
cdte-1900-930,cdte,1900,930,6666.865,2.8763188E-03,6268.726,3.2458283E-02
cdte-1900-980,cdte,1900,980,6666.643,5.5942853E-04,6279.767,1.5857719E-02
cdte-2000-1030,cdte,2000,1030,6666.612,1.9963620E-04,6268.535,3.3469502E-02
cdte-2000-1080,cdte,2000,1080,6666.621,1.5497848E-04,6276.145,1.5703684E-02
cdte-2000-1130,cdte,2000,1130,6666.644,4.2397383E-04,6288.733,3.1566322E-02
cdte-2000-1180,cdte,2000,1180,6666.573,5.9912843E-04,6301.301,2.7268996E-02
cdte-2000-1230,cdte,2000,1230,6666.612,4.7303137E-04,6307.852,4.3394916E-02
cdte-2000-1280,cdte,2000,1280,6666.631,0.000000,6313.608,2.9512158E-02
cdte-2000-130,cdte,2000,130,6666.718,1.7541072E-03,2507.732,0.2266308
cdte-2000-1330,cdte,2000,1330,6666.586,2.0025409E-04,6321.560,1.0934603E-02
cdte-2000-180,cdte,2000,180,6666.644,2.8812222E-04,4240.298,8.3636068E-02
cdte-2000-230,cdte,2000,230,6666.648,1.6400448E-04,5051.364,0.1158518
cdte-2000-280,cdte,2000,280,6666.704,9.9756429E-04,5459.937,1.7428270E-02
cdte-2000-30,cdte,2000,30,0.000000,0.000000,0.000000,0.000000
cdte-2000-330,cdte,2000,330,6666.591,3.7947437E-04,5696.317,2.8988171E-02
cdte-2000-380,cdte,2000,380,6666.996,5.6478120E-03,5837.752,4.0647358E-02
cdte-2000-430,cdte,2000,430,6666.849,3.2053292E-03,5937.633,7.1327239E-02
cdte-2000-480,cdte,2000,480,6666.867,3.1359119E-03,5999.053,6.8079464E-02
cdte-2000-530,cdte,2000,530,6666.612,0.000000,6055.117,3.1094320E-02
cdte-2000-580,cdte,2000,580,6666.698,5.3821970E-04,6091.556,2.3269165E-02
cdte-2000-630,cdte,2000,630,6666.653,4.5253523E-04,6129.713,3.4279600E-02
cdte-2000-680,cdte,2000,680,6666.678,1.1220585E-03,6152.947,4.9148057E-02
cdte-2000-730,cdte,2000,730,6666.604,1.9682496E-04,6174.360,3.5044357E-02
cdte-2000-780,cdte,2000,780,6666.656,8.8890601E-04,6200.461,6.4632528E-02
cdte-2000-80,cdte,2000,80,6666.759,4.0858623E-04,203.2770,0.7565404
cdte-2000-830,cdte,2000,830,6666.593,2.0358490E-04,6216.165,4.2892333E-02
cdte-2000-880,cdte,2000,880,6666.856,3.1247090E-03,6230.164,3.4014128E-02
cdte-2000-930,cdte,2000,930,6666.681,5.6005944E-04,6247.000,4.0350221E-02
cdte-2000-980,cdte,2000,980,6666.644,5.7451118E-04,6258.448,3.4437370E-02
cdteneutron-1000-1030,cdteneutron,1000,1030,0.000000,0.000000,0.9328219,30.66359
cdteneutron-1000-1080,cdteneutron,1000,1080,0.000000,0.000000,0.8305098,25.55355
cdteneutron-1000-1130,cdteneutron,1000,1130,0.000000,0.000000,0.8245581,16.62516
cdteneutron-1000-1180,cdteneutron,1000,1180,0.000000,0.000000,0.8283339,12.49763
cdteneutron-1000-1230,cdteneutron,1000,1230,0.000000,0.000000,0.8964033,9.086155
cdteneutron-1000-1280,cdteneutron,1000,1280,0.000000,0.000000,0.8964033,9.086155
cdteneutron-1000-130,cdteneutron,1000,130,0.000000,0.000000,0.1085140,54.86988
cdteneutron-1000-1330,cdteneutron,1000,1330,0.000000,0.000000,0.9541839,8.044743
cdteneutron-1000-180,cdteneutron,1000,180,0.000000,0.000000,1.3902813E-02,99.00000
cdteneutron-1000-230,cdteneutron,1000,230,0.000000,0.000000,2.9638764E-02,99.00000
cdteneutron-1000-280,cdteneutron,1000,280,0.000000,0.000000,4.4138055E-02,99.00000
cdteneutron-1000-30,cdteneutron,1000,30,0.000000,0.000000,0.1813503,24.35851
cdteneutron-1000-330,cdteneutron,1000,330,0.000000,0.000000,0.1067549,49.56748
cdteneutron-1000-380,cdteneutron,1000,380,0.000000,0.000000,0.1256288,39.16642
cdteneutron-1000-430,cdteneutron,1000,430,0.000000,0.000000,0.2396169,26.81226
cdteneutron-1000-480,cdteneutron,1000,480,0.000000,0.000000,0.2367324,33.32948
cdteneutron-1000-530,cdteneutron,1000,530,0.000000,0.000000,0.2359516,33.05235
cdteneutron-1000-580,cdteneutron,1000,580,0.000000,0.000000,0.3415054,15.00874
cdteneutron-1000-630,cdteneutron,1000,630,0.000000,0.000000,0.3454910,21.37537
cdteneutron-1000-680,cdteneutron,1000,680,0.000000,0.000000,0.5407574,18.32359
cdteneutron-1000-730,cdteneutron,1000,730,0.000000,0.000000,0.6009638,25.81661
cdteneutron-1000-780,cdteneutron,1000,780,0.000000,0.000000,0.5914811,24.76365
cdteneutron-1000-80,cdteneutron,1000,80,0.000000,0.000000,4.3247264E-02,67.43642
cdteneutron-1000-830,cdteneutron,1000,830,0.000000,0.000000,0.6801572,20.06256
cdteneutron-1000-880,cdteneutron,1000,880,0.000000,0.000000,1.208418,26.48504
cdteneutron-1000-930,cdteneutron,1000,930,0.000000,0.000000,0.9164437,30.78025
cdteneutron-1000-980,cdteneutron,1000,980,0.000000,0.000000,0.7548885,29.94982
cdteneutron-1100-1030,cdteneutron,1100,1030,0.000000,0.000000,0.9000490,29.65814
cdteneutron-1100-1080,cdteneutron,1100,1080,0.000000,0.000000,0.8618121,12.86125
cdteneutron-1100-1130,cdteneutron,1100,1130,0.000000,0.000000,0.8866017,14.47021
cdteneutron-1100-1180,cdteneutron,1100,1180,0.000000,0.000000,0.9648620,14.80820
cdteneutron-1100-1230,cdteneutron,1100,1230,0.000000,0.000000,0.9420195,16.86234
cdteneutron-1100-1280,cdteneutron,1100,1280,0.000000,0.000000,0.9420195,16.86234
cdteneutron-1100-130,cdteneutron,1100,130,0.000000,0.000000,7.5514846E-02,34.67776
cdteneutron-1100-1330,cdteneutron,1100,1330,0.000000,0.000000,1.030692,6.512409
cdteneutron-1100-180,cdteneutron,1100,180,0.000000,0.000000,0.2032071,36.42906
cdteneutron-1100-230,cdteneutron,1100,230,0.000000,0.000000,2.7055549E-02,99.00000
cdteneutron-1100-280,cdteneutron,1100,280,0.000000,0.000000,5.4903086E-02,61.24786
cdteneutron-1100-30,cdteneutron,1100,30,0.000000,0.000000,0.3882630,22.92776
cdteneutron-1100-330,cdteneutron,1100,330,0.000000,0.000000,0.1039522,38.34187
cdteneutron-1100-380,cdteneutron,1100,380,0.000000,0.000000,0.1069862,33.47596
cdteneutron-1100-430,cdteneutron,1100,430,0.000000,0.000000,0.1216308,48.45925
cdteneutron-1100-480,cdteneutron,1100,480,0.000000,0.000000,0.2810312,75.13614
cdteneutron-1100-530,cdteneutron,1100,530,0.000000,0.000000,0.2950562,70.12650
cdteneutron-1100-580,cdteneutron,1100,580,0.000000,0.000000,0.4280190,49.26309
cdteneutron-1100-630,cdteneutron,1100,630,0.000000,0.000000,0.4715815,49.42517
cdteneutron-1100-680,cdteneutron,1100,680,0.000000,0.000000,0.6278082,13.61476
cdteneutron-1100-730,cdteneutron,1100,730,0.000000,0.000000,0.5763200,13.50622
cdteneutron-1100-780,cdteneutron,1100,780,0.000000,0.000000,0.4458983,17.28418
cdteneutron-1100-80,cdteneutron,1100,80,0.000000,0.000000,6.0723972E-02,45.93612
cdteneutron-1100-830,cdteneutron,1100,830,0.000000,0.000000,0.7459022,24.34039
cdteneutron-1100-880,cdteneutron,1100,880,0.000000,0.000000,0.6672055,13.01604
cdteneutron-1100-930,cdteneutron,1100,930,0.000000,0.000000,0.8108546,11.47133
cdteneutron-1100-980,cdteneutron,1100,980,0.000000,0.000000,0.6905789,23.21797
cdteneutron-1200-1030,cdteneutron,1200,1030,0.000000,0.000000,0.8801511,36.44654
cdteneutron-1200-1080,cdteneutron,1200,1080,0.000000,0.000000,0.6596962,16.21076
cdteneutron-1200-1130,cdteneutron,1200,1130,0.000000,0.000000,0.7306890,20.41282
cdteneutron-1200-1180,cdteneutron,1200,1180,0.000000,0.000000,0.8176747,17.63755
cdteneutron-1200-1230,cdteneutron,1200,1230,0.000000,0.000000,0.6791292,20.63051
cdteneutron-1200-1280,cdteneutron,1200,1280,0.000000,0.000000,0.6791292,20.63051
cdteneutron-1200-130,cdteneutron,1200,130,0.000000,0.000000,7.7576488E-02,43.21495
cdteneutron-1200-1330,cdteneutron,1200,1330,0.000000,0.000000,0.9233593,14.10079
cdteneutron-1200-180,cdteneutron,1200,180,0.000000,0.000000,7.6554783E-02,46.89778
cdteneutron-1200-230,cdteneutron,1200,230,0.000000,0.000000,5.0549380E-02,61.49007
cdteneutron-1200-280,cdteneutron,1200,280,0.000000,0.000000,5.0549500E-02,61.49009
cdteneutron-1200-30,cdteneutron,1200,30,0.000000,0.000000,7.4805386E-02,57.00673
cdteneutron-1200-330,cdteneutron,1200,330,0.000000,0.000000,5.0549563E-02,61.49007
cdteneutron-1200-380,cdteneutron,1200,380,0.000000,0.000000,6.5893903E-02,45.75163
cdteneutron-1200-430,cdteneutron,1200,430,0.000000,0.000000,8.1303179E-02,52.45247
cdteneutron-1200-480,cdteneutron,1200,480,0.000000,0.000000,0.1159673,64.53507
cdteneutron-1200-530,cdteneutron,1200,530,0.000000,0.000000,0.1435250,48.08279
cdteneutron-1200-580,cdteneutron,1200,580,0.000000,0.000000,0.2343031,42.28600
cdteneutron-1200-630,cdteneutron,1200,630,0.000000,0.000000,0.3378938,34.71131
cdteneutron-1200-680,cdteneutron,1200,680,0.000000,0.000000,0.5268700,18.39154
cdteneutron-1200-730,cdteneutron,1200,730,0.000000,0.000000,0.5149629,12.82620
cdteneutron-1200-780,cdteneutron,1200,780,0.000000,0.000000,0.5150419,6.280654
cdteneutron-1200-80,cdteneutron,1200,80,0.000000,0.000000,4.9492963E-02,99.00000
cdteneutron-1200-830,cdteneutron,1200,830,0.000000,0.000000,0.5455356,5.154351
cdteneutron-1200-880,cdteneutron,1200,880,0.000000,0.000000,0.5490820,18.36391
cdteneutron-1200-930,cdteneutron,1200,930,0.000000,0.000000,0.5777861,17.71092
cdteneutron-1200-980,cdteneutron,1200,980,0.000000,0.000000,0.6857700,24.33350
cdteneutron-1300-1030,cdteneutron,1300,1030,0.000000,0.000000,1.308140,19.68267
cdteneutron-1300-1080,cdteneutron,1300,1080,0.000000,0.000000,1.100418,17.47387
cdteneutron-1300-1130,cdteneutron,1300,1130,0.000000,0.000000,1.213825,19.79550
cdteneutron-1300-1180,cdteneutron,1300,1180,0.000000,0.000000,1.203224,21.12842
cdteneutron-1300-1230,cdteneutron,1300,1230,0.000000,0.000000,1.014456,19.11935
cdteneutron-1300-1280,cdteneutron,1300,1280,0.000000,0.000000,1.014456,19.11935
cdteneutron-1300-130,cdteneutron,1300,130,0.000000,0.000000,1.3664738E-02,99.00000
cdteneutron-1300-1330,cdteneutron,1300,1330,0.000000,0.000000,1.088127,22.79804
cdteneutron-1300-180,cdteneutron,1300,180,0.000000,0.000000,6.1529163E-02,75.37184
cdteneutron-1300-230,cdteneutron,1300,230,0.000000,0.000000,7.6608710E-02,66.52015
cdteneutron-1300-280,cdteneutron,1300,280,0.000000,0.000000,7.6608442E-02,66.52005
cdteneutron-1300-30,cdteneutron,1300,30,0.000000,0.000000,0.1560336,25.44111
cdteneutron-1300-330,cdteneutron,1300,330,0.000000,0.000000,7.6608390E-02,66.52010
cdteneutron-1300-380,cdteneutron,1300,380,0.000000,0.000000,0.1449635,49.78450
cdteneutron-1300-430,cdteneutron,1300,430,0.000000,0.000000,0.2550842,52.24403
cdteneutron-1300-480,cdteneutron,1300,480,0.000000,0.000000,0.2685377,51.01447
cdteneutron-1300-530,cdteneutron,1300,530,0.000000,0.000000,0.2685378,51.01446
cdteneutron-1300-580,cdteneutron,1300,580,0.000000,0.000000,0.3378163,46.83047
cdteneutron-1300-630,cdteneutron,1300,630,0.000000,0.000000,0.3786553,49.72665
cdteneutron-1300-680,cdteneutron,1300,680,0.000000,0.000000,0.6625166,30.78239
cdteneutron-1300-730,cdteneutron,1300,730,0.000000,0.000000,0.7112491,27.34972
cdteneutron-1300-780,cdteneutron,1300,780,0.000000,0.000000,0.8439542,30.86400
cdteneutron-1300-80,cdteneutron,1300,80,0.000000,0.000000,6.4827301E-02,26.80370
cdteneutron-1300-830,cdteneutron,1300,830,0.000000,0.000000,1.074592,30.02148
cdteneutron-1300-880,cdteneutron,1300,880,0.000000,0.000000,1.112368,25.07954
cdteneutron-1300-930,cdteneutron,1300,930,0.000000,0.000000,1.171137,24.51600
cdteneutron-1300-980,cdteneutron,1300,980,0.000000,0.000000,1.106371,27.71124
cdteneutron-1400-1030,cdteneutron,1400,1030,0.000000,0.000000,0.8137712,22.30316
cdteneutron-1400-1080,cdteneutron,1400,1080,0.000000,0.000000,0.8379820,25.85207
cdteneutron-1400-1130,cdteneutron,1400,1130,0.000000,0.000000,0.9978389,14.30442
cdteneutron-1400-1180,cdteneutron,1400,1180,0.000000,0.000000,1.116808,7.664850
cdteneutron-1400-1230,cdteneutron,1400,1230,0.000000,0.000000,1.080619,25.46879
cdteneutron-1400-1280,cdteneutron,1400,1280,0.000000,0.000000,1.080619,25.46879
cdteneutron-1400-130,cdteneutron,1400,130,0.000000,0.000000,0.1513366,19.95080
cdteneutron-1400-1330,cdteneutron,1400,1330,0.000000,0.000000,1.324559,15.68626
cdteneutron-1400-180,cdteneutron,1400,180,0.000000,0.000000,0.2757418,46.36475
cdteneutron-1400-230,cdteneutron,1400,230,0.000000,0.000000,0.1688928,42.97502
cdteneutron-1400-280,cdteneutron,1400,280,0.000000,0.000000,0.1098756,43.52583
cdteneutron-1400-30,cdteneutron,1400,30,0.000000,0.000000,0.1125627,50.09370
cdteneutron-1400-330,cdteneutron,1400,330,0.000000,0.000000,0.1281010,30.27736
cdteneutron-1400-380,cdteneutron,1400,380,0.000000,0.000000,0.1850635,13.12673
cdteneutron-1400-430,cdteneutron,1400,430,0.000000,0.000000,0.2171303,18.87484
cdteneutron-1400-480,cdteneutron,1400,480,0.000000,0.000000,0.2305837,22.11757
cdteneutron-1400-530,cdteneutron,1400,530,0.000000,0.000000,0.2461008,26.06005
cdteneutron-1400-580,cdteneutron,1400,580,0.000000,0.000000,0.3780359,43.78511
cdteneutron-1400-630,cdteneutron,1400,630,0.000000,0.000000,0.3945724,49.59362
cdteneutron-1400-680,cdteneutron,1400,680,0.000000,0.000000,0.5138120,41.89988
cdteneutron-1400-730,cdteneutron,1400,730,0.000000,0.000000,0.5256305,39.98409
cdteneutron-1400-780,cdteneutron,1400,780,0.000000,0.000000,0.5799311,34.90065
cdteneutron-1400-80,cdteneutron,1400,80,0.000000,0.000000,2.7528906E-02,61.23992
cdteneutron-1400-830,cdteneutron,1400,830,0.000000,0.000000,0.7742676,19.10446
cdteneutron-1400-880,cdteneutron,1400,880,0.000000,0.000000,0.8037124,29.23417
cdteneutron-1400-930,cdteneutron,1400,930,0.000000,0.000000,0.8810905,21.13782
cdteneutron-1400-980,cdteneutron,1400,980,0.000000,0.000000,0.8245820,23.77907
cdteneutron-1500-1030,cdteneutron,1500,1030,0.000000,0.000000,0.8705832,14.28005
cdteneutron-1500-1080,cdteneutron,1500,1080,0.000000,0.000000,0.9413883,15.42906
cdteneutron-1500-1130,cdteneutron,1500,1130,0.000000,0.000000,0.8026050,17.43621
cdteneutron-1500-1180,cdteneutron,1500,1180,0.000000,0.000000,0.6253672,17.89847
cdteneutron-1500-1230,cdteneutron,1500,1230,0.000000,0.000000,1.100062,22.71482
cdteneutron-1500-1280,cdteneutron,1500,1280,0.000000,0.000000,1.100062,22.71482
cdteneutron-1500-130,cdteneutron,1500,130,0.000000,0.000000,8.6108230E-02,58.42348
cdteneutron-1500-1330,cdteneutron,1500,1330,0.000000,0.000000,1.175639,15.84620
cdteneutron-1500-180,cdteneutron,1500,180,0.000000,0.000000,6.9636963E-02,76.43271
cdteneutron-1500-230,cdteneutron,1500,230,0.000000,0.000000,0.2840085,50.00592
cdteneutron-1500-280,cdteneutron,1500,280,0.000000,0.000000,0.2045118,33.87841
cdteneutron-1500-30,cdteneutron,1500,30,0.000000,0.000000,0.5103754,22.69692
cdteneutron-1500-330,cdteneutron,1500,330,0.000000,0.000000,0.1464940,26.97779
cdteneutron-1500-380,cdteneutron,1500,380,0.000000,0.000000,0.1628179,37.37739
cdteneutron-1500-430,cdteneutron,1500,430,0.000000,0.000000,0.1603043,29.71164
cdteneutron-1500-480,cdteneutron,1500,480,0.000000,0.000000,0.1500511,29.71867
cdteneutron-1500-530,cdteneutron,1500,530,0.000000,0.000000,0.1500511,29.71866
cdteneutron-1500-580,cdteneutron,1500,580,0.000000,0.000000,0.3151099,39.50172
cdteneutron-1500-630,cdteneutron,1500,630,0.000000,0.000000,0.3144593,41.31865
cdteneutron-1500-680,cdteneutron,1500,680,0.000000,0.000000,0.6638590,14.79321
cdteneutron-1500-730,cdteneutron,1500,730,0.000000,0.000000,0.5491437,21.63708
cdteneutron-1500-780,cdteneutron,1500,780,0.000000,0.000000,0.5410146,21.88368
cdteneutron-1500-80,cdteneutron,1500,80,0.000000,0.000000,0.1210766,44.53440
cdteneutron-1500-830,cdteneutron,1500,830,0.000000,0.000000,0.6309004,13.81980
cdteneutron-1500-880,cdteneutron,1500,880,0.000000,0.000000,0.7018086,23.68698
cdteneutron-1500-930,cdteneutron,1500,930,0.000000,0.000000,0.5891096,12.21442
cdteneutron-1500-980,cdteneutron,1500,980,0.000000,0.000000,0.8147881,14.18193
cdteneutron-1600-1030,cdteneutron,1600,1030,0.000000,0.000000,0.8940812,16.85350
cdteneutron-1600-1080,cdteneutron,1600,1080,0.000000,0.000000,1.122675,19.60018
cdteneutron-1600-1130,cdteneutron,1600,1130,0.000000,0.000000,0.9383129,21.41266
cdteneutron-1600-1180,cdteneutron,1600,1180,0.000000,0.000000,0.7872843,30.64663
cdteneutron-1600-1230,cdteneutron,1600,1230,0.000000,0.000000,0.8697827,21.87031
cdteneutron-1600-1280,cdteneutron,1600,1280,0.000000,0.000000,0.8697827,21.87031
cdteneutron-1600-130,cdteneutron,1600,130,0.000000,0.000000,0.1618044,78.03161
cdteneutron-1600-1330,cdteneutron,1600,1330,0.000000,0.000000,1.011103,13.10854
cdteneutron-1600-180,cdteneutron,1600,180,0.000000,0.000000,9.2166983E-02,61.31548
cdteneutron-1600-230,cdteneutron,1600,230,0.000000,0.000000,0.1081623,37.05933
cdteneutron-1600-280,cdteneutron,1600,280,0.000000,0.000000,7.0301287E-02,45.38670
cdteneutron-1600-30,cdteneutron,1600,30,0.000000,0.000000,0.2384598,21.35494
cdteneutron-1600-330,cdteneutron,1600,330,0.000000,0.000000,0.1037661,56.59921
cdteneutron-1600-380,cdteneutron,1600,380,0.000000,0.000000,0.1587491,35.94762
cdteneutron-1600-430,cdteneutron,1600,430,0.000000,0.000000,0.1853469,35.40320
cdteneutron-1600-480,cdteneutron,1600,480,0.000000,0.000000,0.2029240,46.27179
cdteneutron-1600-530,cdteneutron,1600,530,0.000000,0.000000,0.2029240,46.27180
cdteneutron-1600-580,cdteneutron,1600,580,0.000000,0.000000,0.3381816,19.94704
cdteneutron-1600-630,cdteneutron,1600,630,0.000000,0.000000,0.3547308,25.35412
cdteneutron-1600-680,cdteneutron,1600,680,0.000000,0.000000,0.4281772,10.89442
cdteneutron-1600-730,cdteneutron,1600,730,0.000000,0.000000,0.4015858,12.25212
cdteneutron-1600-780,cdteneutron,1600,780,0.000000,0.000000,0.4462560,7.307146
cdteneutron-1600-80,cdteneutron,1600,80,0.000000,0.000000,0.1414248,54.88356
cdteneutron-1600-830,cdteneutron,1600,830,0.000000,0.000000,0.6089856,15.02987
cdteneutron-1600-880,cdteneutron,1600,880,0.000000,0.000000,0.6410637,7.812574
cdteneutron-1600-930,cdteneutron,1600,930,0.000000,0.000000,0.7558889,14.39121
cdteneutron-1600-980,cdteneutron,1600,980,0.000000,0.000000,0.9672382,18.69562
cdteneutron-1700-1030,cdteneutron,1700,1030,0.000000,0.000000,0.8296999,24.34966
cdteneutron-1700-1080,cdteneutron,1700,1080,0.000000,0.000000,0.8060215,36.47017
cdteneutron-1700-1130,cdteneutron,1700,1130,0.000000,0.000000,0.6451581,16.31125
cdteneutron-1700-1180,cdteneutron,1700,1180,0.000000,0.000000,0.7259825,21.07667
cdteneutron-1700-1230,cdteneutron,1700,1230,0.000000,0.000000,0.8250459,17.48489
cdteneutron-1700-1280,cdteneutron,1700,1280,0.000000,0.000000,0.8250459,17.48489
cdteneutron-1700-130,cdteneutron,1700,130,0.000000,0.000000,7.8736536E-02,28.67999
cdteneutron-1700-1330,cdteneutron,1700,1330,0.000000,0.000000,0.9420717,6.005405
cdteneutron-1700-180,cdteneutron,1700,180,0.000000,0.000000,6.2258001E-02,44.02751
cdteneutron-1700-230,cdteneutron,1700,230,0.000000,0.000000,0.2612315,45.97563
cdteneutron-1700-280,cdteneutron,1700,280,0.000000,0.000000,0.1337192,31.49832
cdteneutron-1700-30,cdteneutron,1700,30,0.000000,0.000000,0.2110206,37.26390
cdteneutron-1700-330,cdteneutron,1700,330,0.000000,0.000000,0.1914055,60.25033
cdteneutron-1700-380,cdteneutron,1700,380,0.000000,0.000000,0.1197053,38.88421
cdteneutron-1700-430,cdteneutron,1700,430,0.000000,0.000000,0.1527932,27.56787
cdteneutron-1700-480,cdteneutron,1700,480,0.000000,0.000000,0.1816667,33.68737
cdteneutron-1700-530,cdteneutron,1700,530,0.000000,0.000000,0.1634957,42.81695
cdteneutron-1700-580,cdteneutron,1700,580,0.000000,0.000000,0.2182772,27.21955
cdteneutron-1700-630,cdteneutron,1700,630,0.000000,0.000000,0.2952584,30.40305
cdteneutron-1700-680,cdteneutron,1700,680,0.000000,0.000000,0.4183531,18.52336
cdteneutron-1700-730,cdteneutron,1700,730,0.000000,0.000000,0.4266143,21.84739
cdteneutron-1700-780,cdteneutron,1700,780,0.000000,0.000000,0.5436386,21.51662
cdteneutron-1700-80,cdteneutron,1700,80,0.000000,0.000000,0.1417400,45.38483
cdteneutron-1700-830,cdteneutron,1700,830,0.000000,0.000000,0.7217752,20.72193
cdteneutron-1700-880,cdteneutron,1700,880,0.000000,0.000000,0.8518367,6.691547
cdteneutron-1700-930,cdteneutron,1700,930,0.000000,0.000000,0.6857808,22.32272
cdteneutron-1700-980,cdteneutron,1700,980,0.000000,0.000000,0.8149566,25.93679
cdteneutron-1800-1030,cdteneutron,1800,1030,0.000000,0.000000,1.170564,32.42899
cdteneutron-1800-1080,cdteneutron,1800,1080,0.000000,0.000000,0.9324956,22.39200
cdteneutron-1800-1130,cdteneutron,1800,1130,0.000000,0.000000,1.095628,35.57491
cdteneutron-1800-1180,cdteneutron,1800,1180,0.000000,0.000000,0.8719383,18.34236
cdteneutron-1800-1230,cdteneutron,1800,1230,0.000000,0.000000,0.9900460,25.81331
cdteneutron-1800-1280,cdteneutron,1800,1280,0.000000,0.000000,0.9900460,25.81331
cdteneutron-1800-130,cdteneutron,1800,130,0.000000,0.000000,0.1183959,58.98941
cdteneutron-1800-1330,cdteneutron,1800,1330,0.000000,0.000000,0.9072170,13.60888
cdteneutron-1800-180,cdteneutron,1800,180,0.000000,0.000000,8.3211608E-02,59.30659
cdteneutron-1800-230,cdteneutron,1800,230,0.000000,0.000000,0.1051129,46.59804
cdteneutron-1800-280,cdteneutron,1800,280,0.000000,0.000000,0.1355703,30.96703
cdteneutron-1800-30,cdteneutron,1800,30,0.000000,0.000000,0.2952230,23.02687
cdteneutron-1800-330,cdteneutron,1800,330,0.000000,0.000000,8.8677481E-02,45.70551
cdteneutron-1800-380,cdteneutron,1800,380,0.000000,0.000000,0.3355611,33.58546
cdteneutron-1800-430,cdteneutron,1800,430,0.000000,0.000000,0.1872384,18.53889
cdteneutron-1800-480,cdteneutron,1800,480,0.000000,0.000000,0.1738407,20.70182
cdteneutron-1800-530,cdteneutron,1800,530,0.000000,0.000000,0.1738407,20.70183
cdteneutron-1800-580,cdteneutron,1800,580,0.000000,0.000000,0.4497981,19.59370
cdteneutron-1800-630,cdteneutron,1800,630,0.000000,0.000000,0.4962731,12.95479
cdteneutron-1800-680,cdteneutron,1800,680,0.000000,0.000000,0.4981349,18.51969
cdteneutron-1800-730,cdteneutron,1800,730,0.000000,0.000000,0.4840462,15.56862
cdteneutron-1800-780,cdteneutron,1800,780,0.000000,0.000000,0.4706883,13.66807
cdteneutron-1800-80,cdteneutron,1800,80,0.000000,0.000000,8.9166522E-02,75.59369
cdteneutron-1800-830,cdteneutron,1800,830,0.000000,0.000000,0.6720945,9.623531
cdteneutron-1800-880,cdteneutron,1800,880,0.000000,0.000000,0.8457531,7.061075
cdteneutron-1800-930,cdteneutron,1800,930,0.000000,0.000000,0.6885064,15.20796
cdteneutron-1800-980,cdteneutron,1800,980,0.000000,0.000000,1.005566,17.59631
cdteneutron-1900-1030,cdteneutron,1900,1030,0.000000,0.000000,0.6311579,9.429971
cdteneutron-1900-1080,cdteneutron,1900,1080,0.000000,0.000000,0.5860277,13.53666
cdteneutron-1900-1130,cdteneutron,1900,1130,0.000000,0.000000,0.8106078,14.75866
cdteneutron-1900-1180,cdteneutron,1900,1180,0.000000,0.000000,1.059224,41.11189
cdteneutron-1900-1230,cdteneutron,1900,1230,0.000000,0.000000,0.8955270,14.24257
cdteneutron-1900-1280,cdteneutron,1900,1280,0.000000,0.000000,0.8955270,14.24257
cdteneutron-1900-130,cdteneutron,1900,130,0.000000,0.000000,0.1171637,68.07712
cdteneutron-1900-1330,cdteneutron,1900,1330,0.000000,0.000000,0.8646830,27.53270
cdteneutron-1900-180,cdteneutron,1900,180,0.000000,0.000000,0.1009497,82.91266
cdteneutron-1900-230,cdteneutron,1900,230,0.000000,0.000000,0.1437227,38.14371
cdteneutron-1900-280,cdteneutron,1900,280,0.000000,0.000000,0.3046829,51.78403
cdteneutron-1900-30,cdteneutron,1900,30,0.000000,0.000000,0.2107264,35.46781
cdteneutron-1900-330,cdteneutron,1900,330,0.000000,0.000000,0.1033576,68.50085
cdteneutron-1900-380,cdteneutron,1900,380,0.000000,0.000000,0.1932617,40.71690
cdteneutron-1900-430,cdteneutron,1900,430,0.000000,0.000000,0.2747416,47.78056
cdteneutron-1900-480,cdteneutron,1900,480,0.000000,0.000000,0.2746745,37.20919
cdteneutron-1900-530,cdteneutron,1900,530,0.000000,0.000000,0.2923308,33.52919
cdteneutron-1900-580,cdteneutron,1900,580,0.000000,0.000000,0.3154934,26.71312
cdteneutron-1900-630,cdteneutron,1900,630,0.000000,0.000000,0.3396825,32.87736
cdteneutron-1900-680,cdteneutron,1900,680,0.000000,0.000000,0.4901676,19.47029
cdteneutron-1900-730,cdteneutron,1900,730,0.000000,0.000000,0.5177038,24.61341
cdteneutron-1900-780,cdteneutron,1900,780,0.000000,0.000000,0.6501160,21.44328
cdteneutron-1900-80,cdteneutron,1900,80,0.000000,0.000000,1.3363436E-02,99.00000
cdteneutron-1900-830,cdteneutron,1900,830,0.000000,0.000000,0.7633488,14.52617
cdteneutron-1900-880,cdteneutron,1900,880,0.000000,0.000000,0.9150379,16.67562
cdteneutron-1900-930,cdteneutron,1900,930,0.000000,0.000000,0.8769962,20.99053
cdteneutron-1900-980,cdteneutron,1900,980,0.000000,0.000000,0.8371870,14.69416
cdteneutron-2000-1030,cdteneutron,2000,1030,0.000000,0.000000,0.7837797,18.58181
cdteneutron-2000-1080,cdteneutron,2000,1080,0.000000,0.000000,0.9078194,14.38223
cdteneutron-2000-1130,cdteneutron,2000,1130,0.000000,0.000000,0.9233344,16.03353
cdteneutron-2000-1180,cdteneutron,2000,1180,0.000000,0.000000,0.9614709,16.28345
cdteneutron-2000-1230,cdteneutron,2000,1230,0.000000,0.000000,1.224147,23.13071
cdteneutron-2000-1280,cdteneutron,2000,1280,0.000000,0.000000,1.224147,23.13071
cdteneutron-2000-130,cdteneutron,2000,130,0.000000,0.000000,1.4518123E-02,99.00000
cdteneutron-2000-1330,cdteneutron,2000,1330,0.000000,0.000000,1.041214,25.75783
cdteneutron-2000-180,cdteneutron,2000,180,0.000000,0.000000,0.1254595,51.40643
cdteneutron-2000-230,cdteneutron,2000,230,0.000000,0.000000,0.1483012,47.73386
cdteneutron-2000-280,cdteneutron,2000,280,0.000000,0.000000,0.1752157,25.54005
cdteneutron-2000-30,cdteneutron,2000,30,0.000000,0.000000,0.1964149,53.09967
cdteneutron-2000-330,cdteneutron,2000,330,0.000000,0.000000,0.2204449,22.96635
cdteneutron-2000-380,cdteneutron,2000,380,0.000000,0.000000,0.2664546,25.33105
cdteneutron-2000-430,cdteneutron,2000,430,0.000000,0.000000,0.3713202,12.34763
cdteneutron-2000-480,cdteneutron,2000,480,0.000000,0.000000,0.3728575,11.01490
cdteneutron-2000-530,cdteneutron,2000,530,0.000000,0.000000,0.4488701,28.68789
cdteneutron-2000-580,cdteneutron,2000,580,0.000000,0.000000,0.3873852,21.62574
cdteneutron-2000-630,cdteneutron,2000,630,0.000000,0.000000,0.4781584,21.92124
cdteneutron-2000-680,cdteneutron,2000,680,0.000000,0.000000,0.4994795,17.79204
cdteneutron-2000-730,cdteneutron,2000,730,0.000000,0.000000,0.5494738,19.21826
cdteneutron-2000-780,cdteneutron,2000,780,0.000000,0.000000,0.5171197,20.17218
cdteneutron-2000-80,cdteneutron,2000,80,0.000000,0.000000,0.2636514,34.59653
cdteneutron-2000-830,cdteneutron,2000,830,0.000000,0.000000,0.6696786,17.36205
cdteneutron-2000-880,cdteneutron,2000,880,0.000000,0.000000,0.9143209,13.32529
cdteneutron-2000-930,cdteneutron,2000,930,0.000000,0.000000,0.7987055,6.274338
cdteneutron-2000-980,cdteneutron,2000,980,0.000000,0.000000,0.7030854,16.70432
si-320-1030,si,320,1030,6666.644,4.4734776E-04,6644.939,8.5757645E-03
si-320-1080,si,320,1080,6666.626,2.4103379E-04,6645.691,1.3458291E-02
si-320-1130,si,320,1130,6666.671,2.2895774E-04,6645.522,1.0274241E-02
si-320-1180,si,320,1180,6666.617,0.000000,6646.209,6.4557148E-03
si-320-1230,si,320,1230,6666.630,0.000000,6648.412,1.3917695E-02
si-320-1280,si,320,1280,6666.647,1.6224403E-04,6647.722,9.9190837E-03
si-320-130,si,320,130,6667.020,6.1215498E-03,6605.894,1.8359860E-02
si-320-1330,si,320,1330,6666.601,0.000000,6647.563,6.4014653E-03
si-320-180,si,320,180,6667.704,1.5873907E-02,6617.479,6.0377428E-03
si-320-230,si,320,230,6668.558,2.9250037E-02,6621.463,1.4541387E-02
si-320-280,si,320,280,6668.107,1.9518923E-02,6625.873,1.1339018E-02
si-320-30,si,320,30,0.000000,0.000000,0.000000,0.000000
si-320-330,si,320,330,6666.826,3.9910572E-03,6628.290,6.8322551E-03
si-320-380,si,320,380,6667.095,5.8326712E-03,6629.127,1.1047882E-02
si-320-430,si,320,430,6666.756,1.0546451E-03,6632.355,8.2878433E-03
si-320-480,si,320,480,6666.742,8.7955757E-04,6634.983,2.0070851E-02
si-320-530,si,320,530,6666.667,5.4912828E-04,6636.538,1.4532273E-02
si-320-580,si,320,580,6666.680,5.3725514E-04,6639.289,1.3886330E-02
si-320-630,si,320,630,6666.691,4.6211708E-04,6639.037,9.5479134E-03
si-320-680,si,320,680,6666.685,3.8685428E-04,6641.072,9.1076549E-03
si-320-730,si,320,730,6666.695,1.1134153E-03,6641.013,1.7319703E-03
si-320-780,si,320,780,6666.651,1.8324346E-04,6642.473,1.2383258E-02
si-320-80,si,320,80,6666.764,1.4651448E-03,6579.336,2.4938840E-02
si-320-830,si,320,830,6666.617,1.5592853E-04,6642.393,8.3266841E-03
si-320-880,si,320,880,6666.678,3.6929522E-04,6643.007,5.6185699E-03
si-320-930,si,320,930,6666.658,2.2718142E-04,6643.422,7.8759119E-03
si-320-980,si,320,980,6666.654,2.7935317E-04,6644.178,5.3942958E-03
si-378-1030,si,378,1030,6666.632,3.7833542E-04,6638.952,7.4918214E-03
si-378-1080,si,378,1080,6666.611,0.000000,6639.794,1.1945655E-02
si-378-1130,si,378,1130,6666.655,3.1033665E-04,6640.759,7.4763061E-03
si-378-1180,si,378,1180,6666.626,1.7654173E-04,6641.340,8.0970572E-03
si-378-1230,si,378,1230,6666.627,0.000000,6642.045,8.3117466E-03
si-378-1280,si,378,1280,6666.633,0.000000,6642.207,5.8056647E-03
si-378-130,si,378,130,6667.037,6.0591488E-03,6593.180,1.1924051E-02
si-378-1330,si,378,1330,6666.600,0.000000,6643.007,1.0075890E-02
si-378-180,si,378,180,6667.716,1.5694117E-02,6603.996,1.2377623E-02
si-378-230,si,378,230,6668.587,2.9136138E-02,6610.367,1.0990020E-02
si-378-280,si,378,280,6668.128,1.9488284E-02,6614.308,8.8405730E-03
si-378-30,si,378,30,0.000000,0.000000,0.000000,0.000000
si-378-330,si,378,330,6666.826,3.9907959E-03,6619.911,1.0297919E-02
si-378-380,si,378,380,6667.122,7.6488592E-03,6621.733,1.0629132E-02
si-378-430,si,378,430,6666.756,1.1261771E-03,6624.813,1.1604289E-02
si-378-480,si,378,480,6666.755,1.3293256E-03,6627.118,6.6629676E-03
si-378-530,si,378,530,6666.667,5.3655240E-04,6628.119,6.3227150E-03
si-378-580,si,378,580,6666.679,5.3782557E-04,6630.775,1.1819826E-02
si-378-630,si,378,630,6666.665,3.5591389E-04,6632.392,1.7195480E-02
si-378-680,si,378,680,6666.646,3.9105740E-04,6633.891,1.4335598E-02
si-378-730,si,378,730,6666.620,3.4574533E-04,6634.689,9.4107166E-03
si-378-780,si,378,780,6666.638,3.1218884E-04,6634.358,6.4340653E-03
si-378-80,si,378,80,6666.780,1.6862967E-03,6561.622,1.0640381E-02
si-378-830,si,378,830,6666.635,4.3303112E-04,6636.087,1.0396441E-02
si-378-880,si,378,880,6666.659,1.2052013E-04,6637.865,4.9732807E-03
si-378-930,si,378,930,6666.643,0.000000,6637.977,1.2264657E-02
si-378-980,si,378,980,6666.637,0.000000,6637.854,9.4519891E-03
si-436-1030,si,436,1030,6666.618,2.2879176E-04,6634.237,1.2210767E-02
si-436-1080,si,436,1080,6666.599,2.2153035E-04,6635.706,1.2149102E-02
si-436-1130,si,436,1130,6666.656,0.000000,6635.864,1.0301960E-02
si-436-1180,si,436,1180,6666.615,0.000000,6636.086,7.4033248E-03
si-436-1230,si,436,1230,6666.640,1.7576902E-04,6637.040,1.3160625E-02
si-436-1280,si,436,1280,6666.646,1.8730082E-04,6637.654,9.1767218E-03
si-436-130,si,436,130,6667.063,5.9612696E-03,6581.457,1.1251439E-02
si-436-1330,si,436,1330,6666.613,1.7619769E-04,6638.327,6.9643212E-03
si-436-180,si,436,180,6667.716,1.5694117E-02,6593.633,9.6256016E-03
si-436-230,si,436,230,6668.574,2.9186537E-02,6600.480,2.0549292E-02
si-436-280,si,436,280,6668.153,1.9373788E-02,6604.514,1.1233652E-02
si-436-30,si,436,30,0.000000,0.000000,0.000000,0.000000
si-436-330,si,436,330,6666.849,3.9505037E-03,6611.324,2.1085471E-02
si-436-380,si,436,380,6666.734,1.8425697E-03,6612.020,8.9081787E-03
si-436-430,si,436,430,6666.759,1.0390849E-03,6615.603,1.3113422E-02
si-436-480,si,436,480,6666.755,1.3293256E-03,6619.214,8.4698992E-03
si-436-530,si,436,530,6666.660,5.5931625E-04,6621.547,2.8277159E-02
si-436-580,si,436,580,6666.679,5.3737190E-04,6624.278,7.8714481E-03
si-436-630,si,436,630,6666.665,3.5591389E-04,6625.166,8.2328701E-03
si-436-680,si,436,680,6666.639,0.000000,6626.650,8.9953141E-03
si-436-730,si,436,730,6666.621,3.4652272E-04,6628.362,1.6200446E-02
si-436-780,si,436,780,6666.671,4.8479057E-04,6629.367,6.3969172E-03
si-436-80,si,436,80,6666.780,1.6862967E-03,6541.524,9.0008276E-03
si-436-830,si,436,830,6666.638,4.2520947E-04,6629.234,1.3671409E-02
si-436-880,si,436,880,6666.659,1.2052013E-04,6631.377,8.5882992E-03
si-436-930,si,436,930,6666.641,1.0144219E-04,6632.842,1.1655258E-02
si-436-980,si,436,980,6666.623,1.6596455E-04,6633.535,1.1727574E-02
si-494-1030,si,494,1030,6666.617,2.2415945E-04,6627.860,9.0397783E-03
si-494-1080,si,494,1080,6666.611,3.5477409E-04,6629.733,1.6172895E-02
si-494-1130,si,494,1130,6666.644,2.1627113E-04,6631.060,1.0103920E-02
si-494-1180,si,494,1180,6666.615,0.000000,6631.362,7.2398898E-03
si-494-1230,si,494,1230,6666.627,0.000000,6633.248,7.3775309E-03
si-494-1280,si,494,1280,6666.633,0.000000,6633.136,1.5870761E-02
si-494-130,si,494,130,6667.039,5.8105150E-03,6567.703,3.0832250E-02
si-494-1330,si,494,1330,6666.603,0.000000,6634.255,9.5433416E-03
si-494-180,si,494,180,6667.716,1.5694117E-02,6582.012,1.0135723E-02
si-494-230,si,494,230,6668.576,2.9179372E-02,6590.394,1.7098410E-02
si-494-280,si,494,280,6668.136,1.9438546E-02,6594.877,4.3893200E-03
si-494-30,si,494,30,0.000000,0.000000,0.000000,0.000000
si-494-330,si,494,330,6667.502,1.4085710E-02,6601.983,1.3307552E-02
si-494-380,si,494,380,6666.736,1.8730230E-03,6604.002,1.8981852E-02
si-494-430,si,494,430,6666.788,1.8587172E-03,6607.530,1.0882018E-02
si-494-480,si,494,480,6666.702,7.6241628E-04,6609.689,4.5368890E-03
si-494-530,si,494,530,6666.646,6.5292313E-04,6613.298,1.0310306E-02
si-494-580,si,494,580,6666.709,9.7478693E-04,6617.423,1.6276136E-02
si-494-630,si,494,630,6666.665,3.5591389E-04,6618.504,6.4913677E-03
si-494-680,si,494,680,6666.659,2.8589019E-04,6618.504,1.5016743E-02
si-494-730,si,494,730,6666.620,3.2516284E-04,6621.670,9.9142985E-03
si-494-780,si,494,780,6666.671,4.8557931E-04,6622.844,1.0646123E-02
si-494-80,si,494,80,6666.802,1.6136159E-03,6521.545,1.3222768E-02
si-494-830,si,494,830,6666.604,2.8427027E-04,6624.425,1.0712377E-02
si-494-880,si,494,880,6666.650,0.000000,6625.734,2.2676295E-02
si-494-930,si,494,930,6666.717,1.2576404E-03,6626.094,2.2974696E-02
si-494-980,si,494,980,6666.638,0.000000,6627.886,1.3643904E-02
si-552-1030,si,552,1030,6666.612,2.0028774E-04,6622.528,1.4787013E-02
si-552-1080,si,552,1080,6666.598,2.1655712E-04,6624.106,1.6400257E-02
si-552-1130,si,552,1130,6666.644,2.1567261E-04,6625.424,6.9543743E-03
si-552-1180,si,552,1180,6666.615,0.000000,6627.058,1.1927898E-02
si-552-1230,si,552,1230,6666.627,0.000000,6627.512,8.6883968E-03
si-552-1280,si,552,1280,6666.633,0.000000,6627.822,1.2512793E-02
si-552-130,si,552,130,6667.065,5.9841499E-03,6552.900,9.1885086E-03
si-552-1330,si,552,1330,6666.612,1.8253161E-04,6629.553,1.8937349E-02
si-552-180,si,552,180,6667.708,1.5469317E-02,6570.870,1.2910610E-02
si-552-230,si,552,230,6668.576,2.8931106E-02,6581.562,1.1585671E-02
si-552-280,si,552,280,6668.129,1.9466899E-02,6585.650,1.0566605E-02
si-552-30,si,552,30,0.000000,0.000000,0.000000,0.000000
si-552-330,si,552,330,6667.509,1.4065511E-02,6593.030,9.6570672E-03
si-552-380,si,552,380,6666.733,1.8822046E-03,6595.432,7.7916505E-03
si-552-430,si,552,430,6666.806,1.7736570E-03,6601.065,1.3018808E-02
si-552-480,si,552,480,6666.717,1.2429474E-03,6601.822,1.5546772E-02
si-552-530,si,552,530,6666.641,6.6075975E-04,6605.828,2.4657100E-02
si-552-580,si,552,580,6666.709,9.7478693E-04,6609.853,1.5507025E-02
si-552-630,si,552,630,6666.746,1.1837141E-03,6610.897,7.7657336E-03
si-552-680,si,552,680,6666.659,2.8589019E-04,6613.893,2.7134983E-02
si-552-730,si,552,730,6666.618,3.4554111E-04,6614.895,1.3210567E-02
si-552-780,si,552,780,6666.674,4.7640229E-04,6616.540,1.9948972E-02
si-552-80,si,552,80,6666.819,1.7979895E-03,6503.709,2.3947181E-02
si-552-830,si,552,830,6666.596,2.1578721E-04,6617.451,4.4686957E-03
si-552-880,si,552,880,6666.659,1.1997556E-04,6618.752,1.4374736E-02
si-552-930,si,552,930,6666.641,1.0144219E-04,6619.655,1.4489964E-02
si-552-980,si,552,980,6666.636,1.0263882E-04,6622.407,1.0604792E-02
si-610-1030,si,610,1030,6666.636,4.5064694E-04,6618.447,1.6739329E-02
si-610-1080,si,610,1080,6666.594,2.0036973E-04,6619.095,9.5752040E-03
si-610-1130,si,610,1130,6666.655,0.000000,6620.725,1.1638237E-02
si-610-1180,si,610,1180,6666.615,0.000000,6620.996,1.1095153E-02
si-610-1230,si,610,1230,6666.627,0.000000,6622.647,1.6551461E-02
si-610-1280,si,610,1280,6666.618,2.0017012E-04,6622.438,1.2596342E-02
si-610-130,si,610,130,6667.048,6.0608969E-03,6539.417,1.7028604E-02
si-610-1330,si,610,1330,6666.602,0.000000,6625.335,1.8700268E-02
si-610-180,si,610,180,6667.708,1.5469317E-02,6558.483,1.4819596E-02
si-610-230,si,610,230,6668.581,2.9162431E-02,6569.364,1.2145126E-02
si-610-280,si,610,280,6668.163,1.9315088E-02,6577.098,9.5231831E-03
si-610-30,si,610,30,0.000000,0.000000,0.000000,0.000000
si-610-330,si,610,330,6667.502,1.4135709E-02,6584.140,2.1320784E-02
si-610-380,si,610,380,6666.707,1.7364366E-03,6586.747,1.3799124E-02
si-610-430,si,610,430,6666.785,1.8751449E-03,6591.076,6.0716681E-03
si-610-480,si,610,480,6666.729,1.4446069E-03,6594.390,1.5447516E-02
si-610-530,si,610,530,6666.654,5.7765684E-04,6596.858,1.1257587E-02
si-610-580,si,610,580,6666.694,1.0349927E-03,6601.938,1.6856113E-02
si-610-630,si,610,630,6666.629,1.7406890E-04,6603.261,1.0239116E-02
si-610-680,si,610,680,6666.664,3.5931010E-04,6606.920,2.1523206E-02
si-610-730,si,610,730,6666.672,8.9467067E-04,6608.738,5.8591696E-03
si-610-780,si,610,780,6666.721,8.9442194E-04,6610.504,1.3593403E-02
si-610-80,si,610,80,6666.814,1.8392382E-03,6484.177,2.0070508E-02
si-610-830,si,610,830,6666.596,2.1578721E-04,6611.530,1.3236213E-02
si-610-880,si,610,880,6666.659,1.1997556E-04,6612.360,1.1049529E-02
si-610-930,si,610,930,6666.641,1.0144219E-04,6614.604,1.2714501E-02
si-610-980,si,610,980,6666.636,1.0263882E-04,6615.011,1.8386154E-02
si-668-1030,si,668,1030,6666.641,4.4987950E-04,6611.769,1.5938345E-02
si-668-1080,si,668,1080,6666.598,2.1655712E-04,6613.096,1.9401209E-02
si-668-1130,si,668,1130,6666.644,2.1567261E-04,6615.908,2.1626359E-02
si-668-1180,si,668,1180,6666.615,0.000000,6616.456,2.2127118E-02
si-668-1230,si,668,1230,6666.627,0.000000,6615.804,1.3539118E-02
si-668-1280,si,668,1280,6666.631,3.0949534E-04,6617.416,7.0661772E-03
si-668-130,si,668,130,6667.048,6.0608969E-03,6525.924,1.7713234E-02
si-668-1330,si,668,1330,6666.586,2.0071340E-04,6619.863,9.3418034E-03
si-668-180,si,668,180,6667.722,1.5683500E-02,6546.236,5.5714045E-03
si-668-230,si,668,230,6668.581,2.9162431E-02,6559.325,1.5381483E-02
si-668-280,si,668,280,6668.149,1.9265559E-02,6566.731,1.4615121E-02
si-668-30,si,668,30,0.000000,0.000000,0.000000,0.000000
si-668-330,si,668,330,6667.516,1.0004751E-02,6574.192,1.3706699E-02
si-668-380,si,668,380,6666.720,1.6827666E-03,6578.541,1.4854652E-02
si-668-430,si,668,430,6667.036,3.7307672E-03,6583.974,1.9923816E-02
si-668-480,si,668,480,6666.742,8.2783727E-04,6587.781,1.4875275E-02
si-668-530,si,668,530,6666.667,5.4912764E-04,6589.520,1.5768541E-02
si-668-580,si,668,580,6666.721,9.1063685E-04,6593.371,1.2127343E-02
si-668-630,si,668,630,6666.641,0.000000,6596.335,5.7224291E-03
si-668-680,si,668,680,6666.639,0.000000,6600.200,1.5496493E-02
si-668-730,si,668,730,6666.616,0.000000,6601.316,1.5598194E-02
si-668-780,si,668,780,6666.660,3.3852702E-04,6603.051,1.5310917E-02
si-668-80,si,668,80,6666.768,1.7418124E-03,6464.206,2.3024771E-02
si-668-830,si,668,830,6666.603,2.8107653E-04,6606.597,1.3235152E-02
si-668-880,si,668,880,6666.646,0.000000,6607.351,1.8019253E-02
si-668-930,si,668,930,6666.672,5.8051368E-04,6608.593,7.1738730E-03
si-668-980,si,668,980,6666.636,1.0468203E-04,6609.841,6.7815483E-03
si-726-1030,si,726,1030,6666.623,5.1108946E-04,6606.256,9.3360068E-03
si-726-1080,si,726,1080,6666.616,4.2388466E-04,6607.972,1.9931454E-02
si-726-1130,si,726,1130,6666.644,2.1626955E-04,6609.250,1.1805647E-02
si-726-1180,si,726,1180,6666.617,0.000000,6610.731,1.4318738E-02
si-726-1230,si,726,1230,6666.627,0.000000,6611.052,1.7750192E-02
si-726-1280,si,726,1280,6666.629,2.8867717E-04,6612.874,1.5496602E-02
si-726-130,si,726,130,6667.089,5.9038927E-03,6513.968,2.5505185E-02
si-726-1330,si,726,1330,6666.588,2.0882487E-04,6614.905,1.8232392E-02
si-726-180,si,726,180,6667.705,1.5750622E-02,6533.433,1.2738550E-02
si-726-230,si,726,230,6668.613,2.9040962E-02,6548.139,1.7401993E-02
si-726-280,si,726,280,6668.152,1.9254599E-02,6558.515,1.4545926E-02
si-726-30,si,726,30,0.000000,0.000000,0.000000,0.000000
si-726-330,si,726,330,6667.516,1.0000275E-02,6564.527,2.0466784E-02
si-726-380,si,726,380,6666.720,1.6827666E-03,6568.696,1.1134879E-02
si-726-430,si,726,430,6666.999,4.6184012E-03,6576.095,1.2760787E-02
si-726-480,si,726,480,6666.729,1.1776447E-03,6579.918,1.9389721E-02
si-726-530,si,726,530,6666.667,5.4912764E-04,6583.559,6.5808301E-03
si-726-580,si,726,580,6666.721,9.1063685E-04,6587.285,1.2708500E-02
si-726-630,si,726,630,6666.664,3.5976165E-04,6588.395,5.6221830E-03
si-726-680,si,726,680,6666.638,0.000000,6591.706,7.5249611E-03
si-726-730,si,726,730,6666.614,0.000000,6594.447,1.6200097E-02
si-726-780,si,726,780,6666.639,0.000000,6597.405,1.9992877E-02
si-726-80,si,726,80,6666.780,1.4292308E-03,6445.570,2.5015075E-02
si-726-830,si,726,830,6666.603,2.8107653E-04,6600.566,1.3646455E-02
si-726-880,si,726,880,6666.650,0.000000,6600.076,1.8976346E-02
si-726-930,si,726,930,6666.690,8.1466744E-04,6603.946,1.0715377E-02
si-726-980,si,726,980,6666.633,1.0942272E-04,6605.480,2.2287197E-02
si-784-1030,si,784,1030,6666.628,5.0502061E-04,6600.028,1.7596785E-02
si-784-1080,si,784,1080,6666.597,2.1004448E-04,6603.439,1.9573869E-02
si-784-1130,si,784,1130,6666.642,2.0741961E-04,6604.465,1.1882264E-02
si-784-1180,si,784,1180,6666.631,2.5147112E-04,6606.048,2.1610165E-02
si-784-1230,si,784,1230,6666.641,2.0776629E-04,6606.248,2.1257587E-02
si-784-1280,si,784,1280,5555.524,20.00000,5506.822,20.00000
si-784-130,si,784,130,6667.089,5.9038927E-03,6500.464,1.6522583E-02
si-784-1330,si,784,1330,3703.659,31.62278,3672.446,31.62278
si-784-180,si,784,180,4762.646,25.81989,4659.151,25.81989
si-784-230,si,784,230,4167.883,29.27702,4085.743,29.27701
si-784-280,si,784,280,6667.955,1.9513043E-02,6546.608,2.5170539E-02
si-784-30,si,784,30,0.000000,0.000000,0.000000,0.000000
si-784-330,si,784,330,6667.516,1.0000275E-02,6554.825,2.1517208E-02
si-784-380,si,784,380,6666.733,1.8469589E-03,6559.443,1.5555318E-02
si-784-430,si,784,430,6666.999,5.7400586E-03,6566.081,1.6215853E-02
si-784-480,si,784,480,6666.755,1.3304953E-03,6571.333,2.0741027E-02
si-784-530,si,784,530,6666.662,5.6861370E-04,6575.680,1.2517583E-02
si-784-580,si,784,580,6666.708,7.1163860E-04,6580.061,2.5401840E-02
si-784-630,si,784,630,6666.664,3.5976165E-04,6583.055,1.4578407E-02
si-784-680,si,784,680,6666.626,2.0579550E-04,6587.780,1.3507369E-02
si-784-730,si,784,730,6666.616,0.000000,6589.023,1.8940996E-02
si-784-780,si,784,780,6666.639,0.000000,6590.545,1.1038098E-02
si-784-80,si,784,80,6666.780,1.4292308E-03,6425.666,2.8977931E-02
si-784-830,si,784,830,6666.593,1.9948096E-04,6594.057,1.1984329E-02
si-784-880,si,784,880,6666.635,2.0114382E-04,6594.244,1.7780321E-02
si-784-930,si,784,930,6666.720,1.2524648E-03,6596.103,1.5011597E-02
si-784-980,si,784,980,6666.688,5.7325471E-04,6598.301,1.0845996E-02
si-842-1030,si,842,1030,6666.636,4.5316169E-04,6594.508,1.2679235E-02
si-842-1080,si,842,1080,6666.583,2.2815343E-04,6597.936,1.7104426E-02
si-842-1130,si,842,1130,6666.654,0.000000,6599.290,1.1507948E-02
si-842-1180,si,842,1180,6666.603,1.5258341E-04,6600.403,1.8984413E-02
si-842-1230,si,842,1230,6666.627,0.000000,6601.557,1.3858929E-02
si-842-1280,si,842,1280,6666.616,1.9429770E-04,6603.877,1.4089938E-02
si-842-130,si,842,130,6667.089,5.9038927E-03,6487.850,1.5477798E-02
si-842-1330,si,842,1330,6666.573,2.4600394E-04,6605.123,1.7776344E-02
si-842-180,si,842,180,6667.719,1.5695797E-02,6511.215,2.2459107E-02
si-842-230,si,842,230,6668.608,2.9056989E-02,6527.202,2.4574526E-02
si-842-280,si,842,280,6667.955,1.9589311E-02,6536.898,1.9400839E-02
si-842-30,si,842,30,0.000000,0.000000,0.000000,0.000000
si-842-330,si,842,330,6667.498,1.0095235E-02,6545.959,1.7551210E-02
si-842-380,si,842,380,6666.706,1.9832517E-03,6552.367,1.4494256E-02
si-842-430,si,842,430,6666.999,5.7400586E-03,6557.411,1.9588323E-02
si-842-480,si,842,480,6666.755,1.3308797E-03,6564.529,3.1290345E-02
si-842-530,si,842,530,6666.662,5.6852493E-04,6567.112,1.0527716E-02
si-842-580,si,842,580,6666.710,7.0151396E-04,6572.692,2.5494277E-02
si-842-630,si,842,630,6666.639,0.000000,6575.836,1.2935589E-02
si-842-680,si,842,680,6666.638,0.000000,6579.672,1.3706849E-02
si-842-730,si,842,730,6666.614,0.000000,6584.131,6.1471737E-03
si-842-780,si,842,780,6666.637,0.000000,6585.525,1.1313313E-02
si-842-80,si,842,80,6666.780,2.3218545E-03,6405.900,1.4454276E-02
si-842-830,si,842,830,6666.605,2.5043872E-04,6586.959,1.7227838E-02
si-842-880,si,842,880,6666.635,2.0347702E-04,6588.985,1.4041053E-02
si-842-930,si,842,930,6666.636,0.000000,6593.862,2.9681105E-02
si-842-980,si,842,980,6666.632,0.000000,6594.495,1.8949227E-02
si-900-1030,si,900,1030,6666.621,4.7393079E-04,6589.207,1.5661692E-02
si-900-1080,si,900,1080,6666.583,2.6002046E-04,6591.141,1.3774185E-02
si-900-1130,si,900,1130,6666.654,0.000000,6594.094,1.4527302E-02
si-900-1180,si,900,1180,6666.621,1.1533783E-04,6595.036,1.6210483E-02
si-900-1230,si,900,1230,6666.628,0.000000,6595.572,1.7816875E-02
si-900-1280,si,900,1280,6666.631,3.0951516E-04,6596.780,1.1055283E-02
si-900-130,si,900,130,6667.046,6.0477462E-03,6474.949,1.3851046E-02
si-900-1330,si,900,1330,6666.573,2.4600394E-04,6599.149,8.8132136E-03
si-900-180,si,900,180,6667.719,1.5695797E-02,6500.542,1.8435424E-02
si-900-230,si,900,230,6668.622,2.9008059E-02,6515.727,3.1623289E-02
si-900-280,si,900,280,6667.955,1.9589311E-02,6527.267,2.8733009E-02
si-900-30,si,900,30,0.000000,0.000000,0.000000,0.000000
si-900-330,si,900,330,6667.498,1.0095235E-02,6538.684,1.4540847E-02
si-900-380,si,900,380,6666.733,1.8834197E-03,6543.007,8.0535552E-03
si-900-430,si,900,430,6666.962,4.9374104E-03,6549.103,1.8236883E-02
si-900-480,si,900,480,6666.743,1.3705046E-03,6556.477,1.8996079E-02
si-900-530,si,900,530,6666.662,5.6852493E-04,6559.997,6.2048123E-03
si-900-580,si,900,580,6666.724,9.0113474E-04,6566.062,2.4630666E-02
si-900-630,si,900,630,6666.639,0.000000,6569.373,1.6107908E-02
si-900-680,si,900,680,6666.625,2.0118976E-04,6573.787,6.6692475E-03
si-900-730,si,900,730,6666.670,8.3463022E-04,6576.434,2.0812802E-02
si-900-780,si,900,780,6666.636,0.000000,6577.997,2.2928346E-02
si-900-80,si,900,80,6666.793,2.2626277E-03,6387.410,1.7847691E-02
si-900-830,si,900,830,6666.595,1.6197536E-04,6582.486,1.5500371E-02
si-900-880,si,900,880,6666.649,0.000000,6586.017,1.5565619E-02
si-900-930,si,900,930,6666.727,1.2729743E-03,6587.234,9.0213139E-03
si-900-980,si,900,980,6666.648,3.1038738E-04,6587.599,1.0376467E-02
