Filename,Material,Thickness,Energy,Displacements,Energydeposit
si-610-1080-96,si,610,1080,1673685.8830813954,1591061.2850103981
cdte-1900-430-96,cdte,1900,430,33074.119594641554,1207033.7341660017
cdte-1000-280-96,cdte,1000,280,22962.3405223978,1268641.670198398
cdte-1300-1130-96,cdte,1300,1130,2295456.822546479,973823.6229442692
si-784-280-96,si,784,280,4785.369511078959,1980819.8924133694
cdte-1900-280-96,cdte,1900,280,23836.23139464156,1225190.232011942
si-784-180-96,si,784,180,1585.3695110789583,1694542.062372335
cdteneutron-1400-880-96,cdteneutron,1400,880,7330.609624843127,53527.160132320736
cdte-1300-1230-96,cdte,1300,1230,1699001.1781464792,979849.3655398402
cdte-1200-1330-96,cdte,1200,1330,1416395.7759786197,1011408.8016472027
si-610-380-96,si,610,380,342850.1461813952,1841281.397001087
cdteneutron-1100-30-96,cdteneutron,1100,30,6591.630630760622,9604.676539851622
si-610-1230-96,si,610,1230,1655773.5619813956,1620709.3671646817
cdteneutron-1600-230-96,cdteneutron,1600,230,7992.1191105586695,11156.33696108867
cdteneutron-1400-1080-96,cdteneutron,1400,1080,7356.809444843127,41486.03119730283
si-842-1030-96,si,842,1030,1456465.3068778086,1388724.7146542682
si-900-630-96,si,900,630,1824584.1595645393,1382980.9154184854
si-552-1080-96,si,552,1080,1717697.1814546653,1667964.7696077744
si-842-380-96,si,842,380,432631.49903780874,1701197.8555158183
cdte-1400-30-96,cdte,1400,30,2829.7204548431264,59939.22045484312
cdte-1800-130-96,cdte,1800,130,3637.740286277689,1511301.706642977
cdte-1900-1030-96,cdte,1900,1030,2127498.9780946416,908218.2000332014
cdte-1800-680-96,cdte,1800,680,31344.26868627769,1013206.2590067207
si-436-1030-96,si,436,1030,1829466.4737764588,1773610.3547975086
cdte-1700-230-96,cdte,1700,230,16354.55647892573,1462947.6067975957
cdteneutron-1800-1230-96,cdteneutron,1800,1230,8961.96633627769,52074.9624870219
si-668-480-96,si,668,480,861219.1591081249,1633556.9874219995
cdteneutron-1800-730-96,cdteneutron,1800,730,8815.669906277688,67782.64078424819
si-784-80-96,si,784,80,1585.3695110789583,16707.80055026896
cdte-1100-1280-96,cdte,1100,1280,1577776.6024307606,1029948.9901907317
si-668-80-96,si,668,80,1351.043808125087,14307.542879585088
cdteneutron-1600-830-96,cdteneutron,1600,830,8095.83718055867,48363.04499057347
cdte-1400-1230-96,cdte,1400,1230,1663284.5573548432,962187.8810448522
si-610-1280-96,si,610,1280,1629582.9918813955,1629834.3318560843
si-726-380-96,si,726,380,401118.67823485436,1757081.6972412237
si-378-880-96,si,378,880,1941823.582049729,1855178.4014144305
cdteneutron-1900-30-96,cdteneutron,1900,30,10642.772964641556,20504.075772275955
si-726-180-96,si,726,180,1468.2067348543985,1578937.0692716916
si-668-1280-96,si,668,1280,1600571.150708125,1583475.2149085214
cdteneutron-1800-330-96,cdteneutron,1800,330,8746.723076277689,23501.372686706687
cdteneutron-1200-530-96,cdteneutron,1200,530,13273.92525861976,34346.24569264596
cdte-1100-30-96,cdte,1100,30,2223.7054307606218,74897.00543076063
si-320-1330-96,si,320,1330,1847120.9929982515,1958166.8297023145
cdteneutron-1600-280-96,cdteneutron,1600,280,10871.312390558669,17808.37192065367
cdteneutron-1000-80-96,cdteneutron,1000,80,6625.8895723977985,8631.298582297799
cdteneutron-1100-1280-96,cdteneutron,1100,1280,6838.247140760622,42886.04455859362
si-320-30-96,si,320,30,648.0663982516053,250011.06639825163
cdte-1100-530-96,cdte,1100,530,29656.337730760624,1174716.9446723005
cdteneutron-1800-880-96,cdteneutron,1800,880,8548.569136277689,58084.182658426886
si-900-180-96,si,900,180,1819.6953645391893,1719246.9755206876
cdteneutron-1400-180-96,cdteneutron,1400,180,7406.0787048431275,9233.568185383127
cdte-2000-280-96,cdte,2000,280,24183.780303004634,1220656.8187941047
cdte-1300-730-96,cdte,1300,730,29719.506846479024,1040620.9754947339
cdteneutron-1100-380-96,cdteneutron,1100,380,7846.654210760622,31898.26469934862
cdte-1700-380-96,cdte,1700,380,31056.62537892573,1224823.6328931556
cdte-1200-980-96,cdte,1200,980,2303524.77238862,1005857.5387148857
si-494-180-96,si,494,180,999.5551031882958,1230422.158922635
cdte-1100-1130-96,cdte,1100,1130,2367428.9929307606,1016733.5739143626
cdte-1600-680-96,cdte,1600,680,30635.43337055867,1030140.0772860337
si-320-1180-96,si,320,1180,1889032.2659982517,1905277.6666836343
cdteneutron-1600-430-96,cdteneutron,1600,430,13758.034130558672,52227.480049403384
si-842-880-96,si,842,880,1531362.8016378083,1408153.2062041485
cdteneutron-1900-230-96,cdteneutron,1900,230,8794.921634641556,12196.373112413254
cdteneutron-1500-1280-96,cdteneutron,1500,1280,7702.400802195565,42923.118314029685
cdte-1400-1280-96,cdte,1400,1280,1459222.097844843,961607.5129704921
cdte-1500-1030-96,cdte,1500,1030,2238354.3960621953,953037.3458419957
cdte-1000-30-96,cdte,1000,30,2021.700322397799,81956.4003223978
cdteneutron-1300-330-96,cdteneutron,1300,330,7241.8579364790185,20538.428532044014
cdte-1400-1030-96,cdte,1400,1030,2268972.9209548426,968346.7465330662
cdte-1300-330-96,cdte,1300,330,23936.973046479023,1227859.561671339
cdteneutron-2000-780-96,cdteneutron,2000,780,9551.593673004636,32955.259632108835
cdteneutron-1600-1180-96,cdteneutron,1600,1180,7870.473810558669,39816.102307542664
cdte-1500-130-96,cdte,1500,130,3031.7252621955654,1490566.550121733
cdteneutron-1300-1280-96,cdteneutron,1300,1280,7355.129926479019,38143.95623938601
cdte-1600-30-96,cdte,1600,30,3233.7303705586687,53208.23037055869
cdte-1100-380-96,cdte,1100,380,31163.93943076062,1252714.4215506008
cdte-1600-930-96,cdte,1600,930,2252913.3548705587,947897.1807087413
si-726-130-96,si,726,130,1468.2067348543985,1685760.4264334107
cdteneutron-1300-130-96,cdteneutron,1300,130,7304.048336479018,9156.384831119018
cdte-1600-280-96,cdte,1600,280,24016.04897055867,1233356.2696822488
cdte-1400-480-96,cdte,1400,480,30536.979954843126,1182976.7175681633
si-900-1180-96,si,900,1180,1421893.4426645392,1395776.40011856
cdteneutron-1400-30-96,cdteneutron,1400,30,8261.645564843127,11086.440041008527
cdte-2000-930-96,cdte,2000,930,2211517.0717030047,921743.5331101486
si-784-680-96,si,784,680,1792679.0710110792,1466951.3835344785
cdte-2000-880-96,cdte,2000,880,2048263.1173030047,934517.9910092647
si-610-180-96,si,610,180,1233.880881395333,1381523.819804763
cdteneutron-1200-1080-96,cdteneutron,1200,1080,7181.8014586197605,40158.28325560517
si-378-1230-96,si,378,1230,1863129.160849729,1873585.7315946964
cdteneutron-1200-580-96,cdteneutron,1200,580,7217.39408861976,25325.364815187757
si-842-1080-96,si,842,1080,1501901.1753378087,1437253.619725803
cdteneutron-1900-730-96,cdteneutron,1900,730,9000.685244641556,56443.043626934654
cdte-1100-680-96,cdte,1100,680,26010.198130760622,1082024.2754535978
si-320-880-96,si,320,880,1956937.7004982515,1938373.4570111642
cdte-1900-1280-96,cdte,1900,1280,1271283.8779546414,889085.4160784215
si-436-1330-96,si,436,1330,1801740.0682764584,1825187.327985848
si-552-380-96,si,552,380,340563.70105466543,1907490.1173833215
si-378-330-96,si,378,330,222240.18714972885,2140064.7723744423
cdteneutron-1900-80-96,cdteneutron,1900,80,12154.260494641558,22707.76205934356
si-494-380-96,si,494,380,313955.5172031883,1952704.930256644
si-320-430-96,si,320,430,176820.07679825166,2026734.2763314694
cdte-1100-330-96,cdte,1100,330,24946.03093076062,1244808.0135661906
cdte-1000-730-96,cdte,1000,730,28474.169122397798,1079494.3480675998
si-668-830-96,si,668,830,1691413.426308125,1529614.6090972484
cdte-1000-230-96,cdte,1000,230,11429.813522397797,1517223.7952164176
si-320-1230-96,si,320,1230,1897606.7297982518,1945522.7362288137
cdte-1600-130-96,cdte,1600,130,3233.7303705586687,1488752.8132412708
si-668-280-96,si,668,280,3708.0202081250873,1948496.1786643357
si-436-530-96,si,436,530,1928088.8846764583,1788843.0175683976
cdte-1600-1030-96,cdte,1600,1030,2208181.010870558,935370.5384449788
si-436-580-96,si,436,580,2123035.952376459,1795641.932297568
cdteneutron-2000-430-96,cdteneutron,2000,430,14757.135863004636,53925.100259835635
si-378-1080-96,si,378,1080,1909067.7240497288,1874569.579895877
cdte-1900-180-96,cdte,1900,180,3839.745394641557,1844840.0412575242
si-610-680-96,si,610,680,1910799.9236813951,1627374.561589732
cdteneutron-1800-180-96,cdteneutron,1800,180,8599.999466277688,15259.48922012269
cdteneutron-1200-330-96,cdteneutron,1200,330,7341.981466619759,17461.09324197766
si-610-1130-96,si,610,1130,1661315.8131813956,1605042.3581023782
cdte-1900-380-96,cdte,1900,380,32129.101094641555,1215096.7032751013
cdte-1200-480-96,cdte,1200,480,30320.53028861976,1198498.0378345095
cdteneutron-1800-930-96,cdteneutron,1800,930,8934.04923627769,59061.2985477327
si-320-1080-96,si,320,1080,1876720.4540982514,1885255.3254439847
cdte-1400-880-96,cdte,1400,880,1928757.980754843,986523.2827236571
cdte-1400-80-96,cdte,1400,80,2829.7204548431264,885103.490899323
cdte-1400-630-96,cdte,1400,630,30810.909354843126,1077497.8667168831
cdteneutron-1700-430-96,cdteneutron,1700,430,13975.82646892573,50062.97176398578
si-436-230-96,si,436,230,3219.7865764587596,1002813.5085653465
si-842-1330-96,si,842,1330,1464254.535637809,1469171.6329277745
cdteneutron-1800-230-96,cdteneutron,1800,230,8547.638256277689,11690.52575270569
cdteneutron-1500-980-96,cdteneutron,1500,980,7927.818552195567,48365.879448933854
si-726-1280-96,si,726,1280,1543552.7565348544,1529029.7774453354
cdteneutron-1000-580-96,cdteneutron,1000,580,6629.167452397799,25065.311261717998
cdte-1400-1330-96,cdte,1400,1330,1314690.9558848431,962470.6780685341
cdte-1800-230-96,cdte,1800,230,14014.37348627769,1450569.8715003177
cdteneutron-1100-830-96,cdteneutron,1100,830,6649.803300760622,54929.24495656441
cdteneutron-1900-830-96,cdteneutron,1900,830,8942.668424641557,49276.725136871355
si-494-530-96,si,494,530,2007902.3663031883,1749392.6692046176
si-436-780-96,si,436,780,1956582.7634764584,1798111.00268066
cdte-1900-1230-96,cdte,1900,1230,1446873.8035846415,888693.5330205916
cdteneutron-1200-30-96,cdteneutron,1200,30,6757.412838619759,9678.04501631776
si-726-680-96,si,726,680,1811510.6407348544,1502042.4931508894
si-784-330-96,si,784,330,344039.331011079,1967015.599039867
cdteneutron-1500-480-96,cdteneutron,1500,480,13437.530802195566,46676.42175595633
si-784-730-96,si,784,730,1692828.2678110786,1448452.320867777
cdte-1000-530-96,cdte,1000,530,29751.584822397796,1188467.1998178747
cdte-1000-1180-96,cdte,1000,1180,2109527.6211223984,1060594.7902206767
si-784-480-96,si,784,480,875918.5548110789,1533498.6634156017
si-610-130-96,si,610,130,1233.880881395333,1562916.8766212184
si-436-430-96,si,436,430,202984.16037645872,1910857.032389869
cdteneutron-1600-730-96,cdteneutron,1600,730,8147.9247705586695,60541.34411449776
cdte-2000-580-96,cdte,2000,580,31733.493803004636,1074023.9429668547
cdte-1300-530-96,cdte,1300,530,30359.181446479022,1158142.7686290832
cdteneutron-1100-1230-96,cdteneutron,1100,1230,6838.247140760622,42885.083065074614
cdte-2000-1330-96,cdte,2000,1330,1123663.0361930046,882211.4815430157
cdteneutron-1400-1180-96,cdteneutron,1400,1180,7242.874644843127,36349.84018541713
cdte-1000-330-96,cdte,1000,330,26578.8472223978,1245156.0772546376
si-378-1330-96,si,378,1330,1867316.3672497289,1910296.690791533
cdteneutron-1400-680-96,cdteneutron,1400,680,7368.063944843127,42500.95417833413
cdte-1800-780-96,cdte,1800,780,29330.91108627769,971977.4913272879
cdte-1400-230-96,cdte,1400,230,17049.393054843124,1486192.7543479332
cdte-1900-30-96,cdte,1900,30,3839.745394641557,45926.94539464155
si-668-30-96,si,668,30,1351.043808125087,120965.0438081251
cdte-1700-1130-96,cdte,1700,1130,2133229.2748989263,922784.4832281728
si-668-680-96,si,668,680,1892975.3127081252,1562223.7493975793
cdteneutron-1600-680-96,cdteneutron,1600,680,8384.62479055867,42122.31995324378
si-668-1080-96,si,668,1080,1612692.033608125,1554136.4670260248
si-378-80-96,si,378,80,765.2292497288383,11319.227530728836
si-320-380-96,si,320,380,367194.5395982517,2071178.2233390703
cdteneutron-1800-830-96,cdteneutron,1800,830,8786.605716277689,50098.12024690238
si-552-530-96,si,552,530,2087510.7730546654,1693647.9352259503
cdte-1900-330-96,cdte,1900,330,24901.354594641558,1194869.2137178117
cdteneutron-1600-1330-96,cdteneutron,1600,1330,8243.939150558668,42003.68533737156
cdte-1400-830-96,cdte,1400,830,184967.58205484314,992541.7239314731
cdte-1600-1130-96,cdte,1600,1130,2204375.250370559,931332.6247770386
cdteneutron-1900-780-96,cdteneutron,1900,780,9050.996454641558,36738.03122196156
si-726-30-96,si,726,30,1468.2067348543985,111537.20673485442
cdteneutron-1300-480-96,cdteneutron,1300,480,12779.31450647902,28395.369952506015
cdte-1300-1030-96,cdte,1300,1030,2255319.6519464785,987076.0011946461
cdteneutron-2000-1080-96,cdteneutron,2000,1080,9218.310053004634,61650.52961628883
cdteneutron-1300-530-96,cdteneutron,1300,530,13187.461806479016,34037.78864685042
cdte-1300-780-96,cdte,1300,780,28740.59254647902,1019220.5124215841
cdte-1400-330-96,cdte,1400,330,26747.059354843124,1218128.5405707431
si-378-480-96,si,378,480,607006.3537497289,1911795.3579782161
cdteneutron-1400-1030-96,cdteneutron,1400,1030,7579.821014843126,41838.91508814063
cdteneutron-1500-530-96,cdteneutron,1500,530,14013.252702195565,51917.69208844257
si-378-630-96,si,378,630,2065561.700949729,1867781.8924032536
cdte-1000-180-96,cdte,1000,180,2021.700322397799,1967675.8467105147
cdte-1300-380-96,cdte,1300,380,32973.37224647902,1247707.1300578688
cdteneutron-1700-630-96,cdteneutron,1700,630,8440.760108925731,35926.71136639673
cdteneutron-1000-30-96,cdteneutron,1000,30,18473.9074223978,19936.7783904278
cdteneutron-1600-1280-96,cdteneutron,1600,1280,8294.06290055867,43024.595610679666
si-784-1080-96,si,784,1080,1516078.780711079,1459735.4023081872
cdteneutron-1100-1080-96,cdteneutron,1100,1080,6680.139410760622,37909.65315608487
cdteneutron-1900-380-96,cdteneutron,1900,380,10156.419094641558,26705.669597217162
si-610-630-96,si,610,630,1994967.7285813952,1611349.9896274677
si-784-1230-96,si,784,1230,1489357.061011079,1495096.145428636
si-436-880-96,si,436,880,1895508.859076459,1774264.1461594754
cdteneutron-1100-730-96,cdteneutron,1100,730,6636.934550760623,73910.83390963652
si-494-1080-96,si,494,1080,1756043.7934031885,1705572.030436605
cdteneutron-1900-430-96,cdteneutron,1900,430,14553.943164641558,47164.73995170424
cdte-1200-780-96,cdte,1200,780,29783.182488619757,1031128.7421326197
si-436-630-96,si,436,630,2075051.2376764587,1809790.4301217773
si-436-180-96,si,436,180,882.3921764587591,1118560.381456823
cdte-1700-30-96,cdte,1700,30,3435.7354789257324,50471.93547892573
cdte-1400-1080-96,cdte,1400,1080,2297642.891754843,960497.3276091042
cdteneutron-1900-980-96,cdteneutron,1900,980,8840.033604641558,58064.50493130227
cdte-1700-780-96,cdte,1700,780,29524.504978925735,979025.4511503481
cdteneutron-1100-180-96,cdteneutron,1100,180,7043.595070760623,8892.96451496062
si-378-230-96,si,378,230,1862.9972497288381,884761.5818950247
cdteneutron-1400-330-96,cdteneutron,1400,330,7479.105734843128,24236.18644530922
cdte-1700-1230-96,cdte,1700,1230,1544235.999538926,914184.7625259357
cdteneutron-1700-480-96,cdteneutron,1700,480,14070.16131892573,50702.98974171554
si-900-80-96,si,900,80,1819.6953645391893,17591.418859249192
cdteneutron-1600-1230-96,cdteneutron,1600,1230,8294.06290055867,43024.119122065655
si-726-780-96,si,726,780,1692638.3717348545,1493641.841243364
cdte-2000-1030-96,cdte,2000,1030,2121287.688203004,911321.1371981945
cdteneutron-1200-280-96,cdteneutron,1200,280,10140.509548619759,14764.707857089259
cdte-1500-180-96,cdte,1500,180,3031.7252621955654,1896912.2542796184
cdte-1200-930-96,cdte,1200,930,2321460.5383886197,1012455.1372857196
cdteneutron-1600-930-96,cdteneutron,1600,930,8369.653510558672,49707.04572655886
cdteneutron-1500-930-96,cdteneutron,1500,930,7942.861662195566,49594.940086735754
cdteneutron-1500-780-96,cdteneutron,1500,780,7796.629422195566,48781.80470988157
cdte-1700-930-96,cdte,1700,930,2283663.278178926,940154.5705324998
cdte-1700-580-96,cdte,1700,580,34210.98747892574,1084367.5889269959
cdteneutron-1900-880-96,cdteneutron,1900,880,8771.498804641558,57935.045983855984
cdteneutron-1000-180-96,cdteneutron,1000,180,6662.4828323978,8583.5127184978
cdteneutron-1000-1180-96,cdteneutron,1000,1180,6614.0555323978,39035.9412214655
cdteneutron-1500-1180-96,cdteneutron,1500,1180,7699.979172195566,39152.82635962066
cdteneutron-1900-280-96,cdteneutron,1900,280,11354.983224641555,18151.187189672557
cdte-1700-1330-96,cdte,1700,1330,1211873.0463689258,928032.5375363944
cdteneutron-1100-930-96,cdteneutron,1100,930,6838.483670760622,63077.94403241462
si-668-430-96,si,668,430,288386.88370812504,1691346.7561053077
si-784-930-96,si,784,930,1542899.094711079,1436188.3696774188
cdte-1600-480-96,cdte,1600,480,28382.74757055867,1175161.5320550785
si-726-880-96,si,726,880,1623564.4013348545,1476998.9978247203
cdteneutron-1300-780-96,cdteneutron,1300,780,7126.580226479018,44804.62340433541
cdteneutron-1200-730-96,cdteneutron,1200,730,7250.194638619761,58651.06910673466
si-494-480-96,si,494,480,704078.5896031882,1771970.0916487412
cdte-1300-930-96,cdte,1300,930,2314213.420046479,987672.2124139481
cdte-1000-930-96,cdte,1000,930,2329975.763822398,1057588.8421168877
cdte-1200-730-96,cdte,1200,730,28566.157688619758,1053826.3137939097
cdteneutron-2000-1030-96,cdteneutron,2000,1030,9185.949763004635,71823.35974292432
cdteneutron-1500-630-96,cdteneutron,1500,630,7702.719162195567,27298.969250216865
cdteneutron-1700-830-96,cdteneutron,1700,830,8386.856128925732,49203.915608367526
cdteneutron-1400-130-96,cdteneutron,1400,130,7390.987844843127,9344.176561823126
si-726-480-96,si,726,480,863917.3369348545,1578159.556045095
si-320-230-96,si,320,230,1793.2243982516052,809150.9932467792
cdte-1100-480-96,cdte,1100,480,28880.83203076062,1207007.4713960406
cdteneutron-2000-480-96,cdteneutron,2000,480,14749.730693004636,74893.63130556162
si-436-330-96,si,436,330,205804.84177645872,2120073.637867229
si-900-130-96,si,900,130,1819.6953645391893,1746684.834915857
cdte-1200-580-96,cdte,1200,580,29466.597588619763,1125440.1969620916
si-436-680-96,si,436,680,2009477.4009764588,1774134.5984969002
cdteneutron-1800-580-96,cdteneutron,1800,580,8612.841846277688,48368.212119064185
cdteneutron-1600-980-96,cdteneutron,1600,980,8252.58852055867,47641.626154915866
si-552-680-96,si,552,680,1962030.2086546652,1669456.6967689765
si-726-230-96,si,726,230,2646.7363348543986,1324956.9388392013
si-900-30-96,si,900,30,1819.6953645391893,90627.9953645392
cdteneutron-1700-330-96,cdteneutron,1700,330,8517.904008925732,21505.643974471233
si-610-1330-96,si,610,1330,1655140.6188813956,1667091.995936029
cdteneutron-2000-330-96,cdteneutron,2000,330,9172.787273004633,30205.43946966763
cdteneutron-1700-1030-96,cdteneutron,1700,1030,8670.582458925735,50742.779321790025
cdte-1900-80-96,cdte,1900,80,3839.745394641557,874463.2073834748
cdte-1200-1130-96,cdte,1200,1130,2332478.6232886193,996894.9203151383
cdte-1400-1130-96,cdte,1400,1130,2256654.123454843,959902.6941338031
cdte-1700-1180-96,cdte,1700,1180,1821015.8609089255,914720.7821053492
cdteneutron-1500-380-96,cdteneutron,1500,380,8562.166982195566,31610.219940172567
cdteneutron-1300-1080-96,cdteneutron,1300,1080,7173.551026479018,37539.65171249142
si-320-1280-96,si,320,1280,1891833.8254982515,1933217.618600403
cdteneutron-1900-930-96,cdteneutron,1900,930,8912.499104641558,57899.589440643555
cdte-2000-180-96,cdte,2000,180,4041.750503004634,1832613.4375343812
cdte-1200-530-96,cdte,1200,530,27597.10898861976,1162733.9410088207
si-726-1080-96,si,726,1080,1569499.1053348542,1514365.3518148465
si-552-230-96,si,552,230,3569.2895546654527,1145836.4891974658
cdteneutron-1400-630-96,cdteneutron,1400,630,7386.900934843128,27442.02166443592
cdte-1900-580-96,cdte,1900,580,30372.510194641556,1079914.1363653815
cdteneutron-1300-1030-96,cdteneutron,1300,1030,7295.232456479018,37333.473970419014
cdteneutron-1100-530-96,cdteneutron,1100,530,13102.943460760622,26618.54371172524
cdte-1800-430-96,cdte,1800,430,30781.909386277686,1213107.4785859678
cdte-1000-680-96,cdte,1000,680,27105.755522397798,1092538.6586198306
si-726-980-96,si,726,980,1605078.6623348542,1508622.1911837198
si-494-1330-96,si,494,1330,1759912.6324231883,1787587.0999284652
cdte-1600-1080-96,cdte,1600,1080,2255065.695570559,935088.972785643
si-378-1180-96,si,378,1180,1882193.713449729,1865567.2391098812
cdte-2000-30-96,cdte,2000,30,4041.750503004634,44025.45050300466
cdte-1600-780-96,cdte,1600,780,27846.683770558673,984889.0467954887
cdteneutron-1800-680-96,cdteneutron,1800,680,8822.29712627769,49057.171059714296
cdteneutron-2000-580-96,cdteneutron,2000,580,9157.633353004634,53668.137646782045
cdteneutron-2000-1280-96,cdteneutron,2000,1280,9460.250183004635,49188.91952951864
cdteneutron-1700-530-96,cdteneutron,1700,530,14487.549828925732,59954.90405354674
cdte-1500-980-96,cdte,1500,980,2253476.358962196,956048.4417116635
cdteneutron-1700-180-96,cdteneutron,1700,180,8258.417838925734,14930.740365177731
si-494-130-96,si,494,130,999.5551031882958,1458454.3702286691
cdteneutron-1000-930-96,cdteneutron,1000,930,6713.310842397798,63253.4827880361
si-726-930-96,si,726,930,1605594.9382348545,1504923.4678233992
si-552-130-96,si,552,130,1116.7179546654525,1545615.768130101
si-494-1230-96,si,494,1230,1763679.2402031883,1733382.8286760803
cdteneutron-2000-130-96,cdteneutron,2000,130,12989.497093004637,19894.467408236636
cdte-1400-1180-96,cdte,1400,1180,1938064.417354843,963503.3459975842
cdte-1000-1130-96,cdte,1000,1130,2392778.9729223973,1054607.9152070498
cdteneutron-1100-480-96,cdteneutron,1100,480,12608.73225076062,20977.147589861022
si-552-280-96,si,552,280,2516.7179546654525,1888703.5489592457
cdteneutron-1000-330-96,cdteneutron,1000,330,6625.252952397799,23553.142547734795
cdte-1100-280-96,cdte,1100,280,22661.44203076062,1270177.4079481205
si-378-680-96,si,378,680,2011387.6032497287,1879137.9127663856
cdte-1000-480-96,cdte,1000,480,29154.325222397798,1216919.724352998
si-320-280-96,si,320,280,3225.013198251605,1703884.992948534
cdteneutron-1900-330-96,cdteneutron,1900,330,9004.840344641556,23197.497127259558
cdteneutron-1900-1030-96,cdteneutron,1900,1030,8964.690194641556,63005.57698850046
cdte-1000-1080-96,cdte,1000,1080,2428757.4841223974,1059802.415431953
si-552-180-96,si,552,180,1116.7179546654525,1316146.4442557492
cdteneutron-1500-430-96,cdteneutron,1500,430,13426.638802195568,45608.46029630516
si-552-1330-96,si,552,1330,1705950.417354665,1699776.4458826012
cdte-1500-830-96,cdte,1500,830,213213.63966219558,985741.6449530354
si-552-1030-96,si,552,1030,1709534.588654665,1636294.2122621953
cdteneutron-1700-1330-96,cdteneutron,1700,1330,8702.081728925732,43130.45775117663
cdte-1000-380-96,cdte,1000,380,28964.252822397797,1265243.1106556577
si-610-280-96,si,610,280,2011.4718813953332,1899409.3369087689
cdte-1900-980-96,cdte,1900,980,2119762.253194642,915473.6297200015
cdteneutron-1500-1130-96,cdteneutron,1500,1130,7769.688492195566,47014.52367649777
cdteneutron-1000-1330-96,cdteneutron,1000,1330,6453.3500123978,42087.37405670279
si-610-1030-96,si,610,1030,1666424.4595813954,1596305.591798559
cdteneutron-1500-1230-96,cdteneutron,1500,1230,7702.400802195565,42922.52273865106
cdte-1400-980-96,cdte,1400,980,2267338.968954843,975401.196901955
cdteneutron-1700-380-96,cdteneutron,1700,380,9232.538918925733,32423.197283125734
cdte-1100-930-96,cdte,1100,930,2377065.4396307603,1029503.2397354955
cdteneutron-1600-1130-96,cdteneutron,1600,1130,8007.981120558669,48765.45852240329
si-784-1180-96,si,784,1180,1511309.2104110788,1470152.024195138
cdte-1400-130-96,cdte,1400,130,2829.7204548431264,1481140.1504532099
si-494-780-96,si,494,780,1892731.9761031885,1708128.858463434
si-610-330-96,si,610,330,244097.72778139534,2069661.427764196
cdte-1900-730-96,cdte,1900,730,28620.674594641558,992371.9343473454
cdte-1200-1180-96,cdte,1200,1180,2014267.2195886201,1000067.5821736627
si-436-1230-96,si,436,1230,1810572.4638764588,1795441.9890836831
si-842-930-96,si,842,930,1489643.7088378088,1388412.7079398683
si-726-730-96,si,726,730,1731903.6099348543,1491787.6939652793
cdte-2000-680-96,cdte,2000,680,29821.51460300463,1012530.7388328746
si-320-130-96,si,320,130,648.0663982516053,1202659.4813987878
cdteneutron-1000-830-96,cdteneutron,1000,830,6590.2960223978,51733.375011839795
cdteneutron-1500-830-96,cdteneutron,1500,830,7621.708282195566,48495.51557723957
si-900-930-96,si,900,930,1463801.1665645395,1379637.5221669243
si-668-180-96,si,668,180,1351.043808125087,1486494.2445982674
cdteneutron-1600-180-96,cdteneutron,1600,180,8113.93004055867,9573.133859878672
cdte-1400-280-96,cdte,1400,280,23134.896054843124,1251572.6569871432
si-784-630-96,si,784,630,1903681.6809110788,1460537.0700856268
cdte-1200-680-96,cdte,1200,680,27712.36878861976,1065877.6746535946
cdte-1500-230-96,cdte,1500,230,13109.557262195565,1478772.9654383957
cdteneutron-1300-180-96,cdteneutron,1300,180,7255.960296479017,8929.752237979019
cdte-1300-130-96,cdte,1300,130,2627.7153464790176,1489109.795113072
si-436-830-96,si,436,830,1859512.9942764589,1756811.6228329164
cdteneutron-1400-730-96,cdteneutron,1400,730,7347.638104843127,61513.45449354052
cdte-1700-680-96,cdte,1700,680,28873.493378925734,1032072.2699593757
si-378-1030-96,si,378,1030,1848133.3368497293,1822347.7982445946
cdte-1000-880-96,cdte,1000,880,1844294.5372223975,1060613.51996072
cdte-2000-380-96,cdte,2000,380,33446.21340300463,1206103.4850641845
si-668-230-96,si,668,230,3320.9694081250873,1277953.5633160085
si-610-530-96,si,610,530,2110632.1123813954,1642292.9768889004
cdte-1800-180-96,cdte,1800,180,3637.740286277689,1861021.4553145878
cdteneutron-1800-1030-96,cdteneutron,1800,1030,8966.68723927769,60361.05514682919
cdteneutron-1500-30-96,cdteneutron,1500,30,9645.277052195566,11974.671212444564
si-842-730-96,si,842,730,1647344.608837809,1418115.4588225253
si-726-1180-96,si,726,1180,1536991.0278348543,1512132.6751263174
cdte-1500-80-96,cdte,1500,80,3031.7252621955654,890009.3134877366
cdte-1800-30-96,cdte,1800,30,3637.740286277689,48062.04028627768
cdte-1500-1330-96,cdte,1500,1330,1286497.8009521957,942330.5702179945
si-378-1280-96,si,378,1280,1887459.407349729,1887349.6451383412
si-842-180-96,si,842,180,1702.5324378087923,1695471.991327144
cdte-2000-430-96,cdte,2000,430,31270.010103004635,1198936.8781332946
cdte-1200-1230-96,cdte,1200,1230,1739697.8779686198,1004319.0038836198
cdte-1300-580-96,cdte,1300,580,31465.58494647902,1115359.057472689
si-610-80-96,si,610,80,1233.880881395333,13432.750844495335
si-842-980-96,si,842,980,1489596.5308378083,1421625.7663862398
cdteneutron-1700-230-96,cdteneutron,1700,230,8319.902938925734,11326.893133125732
cdte-1800-930-96,cdte,1800,930,2229983.3281862778,936229.4233243775
cdte-2000-780-96,cdte,2000,780,29841.122403004636,965789.3919416545
cdte-1800-80-96,cdte,1800,80,3637.740286277689,887626.9238855486
cdte-1300-1280-96,cdte,1300,1280,1492518.7418464788,982576.416672549
si-668-1130-96,si,668,1130,1627111.316908125,1558047.7067697742
cdteneutron-2000-680-96,cdteneutron,2000,680,9418.886383004638,33302.92886342194
si-726-530-96,si,726,530,2156295.1392348544,1554983.8593848157
cdte-2000-1180-96,cdte,2000,1180,1700137.710003005,887025.7666499794
si-610-980-96,si,610,980,1704889.8922813954,1599699.2776744831
cdteneutron-1300-930-96,cdteneutron,1300,930,7394.175336479018,43463.717253571514
cdteneutron-1200-780-96,cdteneutron,1200,780,7180.945488619762,45873.92410996416
cdte-1800-1280-96,cdte,1800,1280,1294380.1714162778,904314.8721884997
cdte-1500-680-96,cdte,1500,680,30073.081362195564,1040110.7569412875
si-320-580-96,si,320,580,2031254.0999982515,1929610.26257338
cdteneutron-1100-880-96,cdteneutron,1100,880,6777.159280760622,61444.63794587522
cdte-1100-980-96,cdte,1100,980,2315650.3664307604,1028188.7425002416
cdte-1100-430-96,cdte,1100,430,32064.982430760618,1240626.7364385806
cdte-1100-630-96,cdte,1100,630,27835.139330760623,1100133.3507316606
cdteneutron-1800-130-96,cdteneutron,1800,130,8875.546056277688,15586.24297737769
si-494-980-96,si,494,980,1826326.2655031888,1741013.047324439
cdte-1800-480-96,cdte,1800,480,30843.26908627769,1166246.9001311078
si-552-830-96,si,552,830,1768039.1178546657,1628650.6739683696
cdteneutron-1000-680-96,cdteneutron,1000,680,6672.939492397799,33331.6189559074
cdte-1600-380-96,cdte,1600,380,33242.90017055867,1230204.2057765988
cdteneutron-1400-230-96,cdteneutron,1400,230,7231.958954843127,8593.643149943126
si-320-980-96,si,320,980,1964016.1043982517,1958878.1590675297
cdteneutron-2000-630-96,cdteneutron,2000,630,9214.951113004634,36864.87077898764
cdte-1600-430-96,cdte,1600,430,34464.58227055867,1213592.1845067486
cdte-1600-980-96,cdte,1600,980,2237173.0808705585,944104.9325027666
cdte-1200-30-96,cdte,1200,30,2425.7103886197597,69047.0103886198
cdte-1200-1280-96,cdte,1200,1280,1536449.8958686197,1005744.6996740064
cdteneutron-1100-680-96,cdteneutron,1100,680,6802.260360760621,37730.555544860625
cdte-1500-1130-96,cdte,1500,1130,2216712.361062195,944063.4129876675
cdte-1700-530-96,cdte,1700,530,31299.797278925733,1130010.3131953056
cdteneutron-1100-1180-96,cdteneutron,1100,1180,6939.155160760622,38051.607761257124
cdte-1700-280-96,cdte,1700,280,23496.78287892573,1234789.4492267256
cdte-2000-980-96,cdte,2000,980,2124563.0648030047,917928.6323241856
si-378-1130-96,si,378,1130,1842604.324049729,1819644.0009215255
cdte-1100-730-96,cdte,1100,730,28374.37863076062,1064818.540269343
si-552-1130-96,si,552,1130,1693671.2109546654,1652648.4000331429
cdte-1800-380-96,cdte,1800,380,30889.28958627769,1227698.9204231077
cdteneutron-1900-1130-96,cdteneutron,1900,1130,8971.547014641554,56446.08473591986
cdteneutron-1800-280-96,cdteneutron,1800,280,11271.59709627769,18301.626152738685
cdteneutron-1500-680-96,cdteneutron,1500,680,7726.9495021955645,41898.05230365227
cdte-2000-830-96,cdte,2000,830,209754.71900300466,944998.9391327144
cdteneutron-1500-280-96,cdteneutron,1500,280,10530.594162195566,19161.68908681937
cdteneutron-1300-280-96,cdteneutron,1300,280,10037.57240647902,14903.994620701918
cdteneutron-1600-1080-96,cdteneutron,1600,1080,7870.86793055867,44611.06277094896
si-320-80-96,si,320,80,648.0663982516053,10722.849516751607
cdteneutron-1500-880-96,cdteneutron,1500,880,7739.201722195565,48918.43961279378
cdteneutron-1600-580-96,cdteneutron,1600,580,8187.155320558669,38502.64536107867
cdteneutron-1600-480-96,cdteneutron,1600,480,13846.665280558667,51885.87294177316
cdteneutron-1500-1330-96,cdteneutron,1500,1330,7725.796002195566,42164.985176882765
cdteneutron-1400-780-96,cdteneutron,1400,780,7471.477474843127,48751.197593710116
si-378-130-96,si,378,130,765.2292497288383,1318511.441212677
si-320-1030-96,si,320,1030,1896879.7442982518,1890527.1345174392
cdteneutron-1000-480-96,cdteneutron,1000,480,12380.2513223978,27598.0548173778
si-842-130-96,si,842,130,1702.5324378087923,1745052.8118513152
cdteneutron-2000-930-96,cdteneutron,2000,930,9426.403753004633,55968.03916912184
cdteneutron-1400-1280-96,cdteneutron,1400,1280,7479.657114843127,37807.50005426863
si-784-1330-96,si,784,1330,1515927.8989110787,1537909.7859980022
si-842-1230-96,si,842,1230,1459105.4539378088,1452676.3966015829
cdteneutron-1600-1030-96,cdteneutron,1600,1030,8261.133390558669,52743.19548861927
si-378-730-96,si,378,730,2011930.8784497287,1869198.0301028874
si-378-530-96,si,378,530,1828415.7495497286,1897851.0357869223
cdte-1400-730-96,cdte,1400,730,29379.514454843124,1025157.8441587831
cdteneutron-2000-730-96,cdteneutron,2000,730,9478.635283004636,51832.84288779363
si-436-980-96,si,436,980,1877522.396076459,1797929.7486639437
si-668-1180-96,si,668,1180,1608010.916108125,1566662.266568234
cdteneutron-1800-1330-96,cdteneutron,1800,1330,9010.205346277688,43731.33123098619
si-378-930-96,si,378,930,1923861.5385497287,1846270.2832496793
cdte-1500-380-96,cdte,1500,380,31339.176062195565,1231434.3566346657
si-668-880-96,si,668,880,1714100.693808125,1542961.9911652866
cdte-2000-730-96,cdte,2000,730,30511.944503004634,981212.1245242547
si-494-80-96,si,494,80,999.5551031882958,12716.595848388299
cdteneutron-1000-380-96,cdteneutron,1000,380,7474.7710523977985,35882.29553792936
cdteneutron-1300-880-96,cdteneutron,1300,880,7178.743086479017,43259.66453200572
si-784-530-96,si,784,530,2203239.4789110785,1496235.2625084063
cdte-1800-730-96,cdte,1800,730,30666.866786277693,995063.8912618307
si-552-880-96,si,552,880,1790427.2910546656,1647517.2462216117
cdteneutron-1700-780-96,cdteneutron,1700,780,8426.648745925733,48282.991416336736
cdte-1000-1280-96,cdte,1000,1280,1614025.3550223976,1061470.64514967
cdteneutron-1500-80-96,cdteneutron,1500,80,12776.573012195564,14684.548454895965
cdte-1800-1130-96,cdte,1800,1130,2091480.8871862774,908862.9765738738
cdte-1300-80-96,cdte,1300,80,2627.7153464790176,880206.102523499
cdte-1900-1330-96,cdte,1900,1330,1142150.7132746414,894940.2908885822
si-610-780-96,si,610,780,1758559.4696813957,1586542.7295038928
cdteneutron-1600-630-96,cdteneutron,1600,630,8320.14022055867,28218.736825190666
si-436-730-96,si,436,730,1958478.637076459,1786302.7116797327
cdte-1100-880-96,cdte,1100,880,1893970.2872307608,1040011.6915938007
cdteneutron-1000-230-96,cdteneutron,1000,230,6621.268802397799,8044.146667997801
cdte-1200-830-96,cdte,1200,830,159621.18608861975,1016484.6077856596
cdteneutron-2000-880-96,cdteneutron,2000,880,9252.884783004634,46992.110255205465
cdte-1400-530-96,cdte,1400,530,27983.219654843124,1151648.6685317801
si-842-480-96,si,842,480,967142.5981378088,1500044.814875385
si-320-480-96,si,320,480,561659.1797982516,1979467.142924258
si-726-430-96,si,726,430,308010.4954348544,1649706.5019036971
cdte-1900-480-96,cdte,1900,480,31837.347694641558,1167191.3079782214
si-494-30-96,si,494,30,999.5551031882958,162675.55510318832
si-900-1030-96,si,900,1030,1422252.1048645389,1372665.0637266515
cdte-1700-980-96,cdte,1700,980,2205163.879378925,934880.9369743426
cdte-1800-830-96,cdte,1800,830,225839.6932862777,956149.915135978
si-552-1280-96,si,552,1280,1699098.5759546654,1680775.8814847749
cdteneutron-2000-380-96,cdteneutron,2000,380,9916.489793004635,25758.942150463638
si-494-880-96,si,494,880,1812243.0540031882,1682880.5127411368
si-552-730-96,si,552,730,1899471.5136546656,1653274.8796107308
cdte-1900-780-96,cdte,1900,780,29786.632494641555,966468.2775734715
cdteneutron-1500-1080-96,cdteneutron,1500,1080,7826.416072195565,44382.898068422975
cdte-1800-1080-96,cdte,1800,1080,2196581.6502862773,914216.0912614327
cdteneutron-1000-130-96,cdteneutron,1000,130,6836.189372397799,8849.857613597798
cdteneutron-1100-1030-96,cdteneutron,1100,1030,6679.561430760623,59222.32886058041
cdteneutron-1900-180-96,cdteneutron,1900,180,8878.100024641559,15318.124355976557
si-610-230-96,si,610,230,3024.635481395333,1236216.9913018171
cdteneutron-1100-1130-96,cdteneutron,1100,1130,6697.153480760623,37956.55620747652
cdte-1300-180-96,cdte,1300,180,2627.7153464790176,1923988.56157489
si-900-580-96,si,900,580,2042574.1204645396,1402671.8371216583
cdte-1200-280-96,cdte,1200,280,25470.18118861976,1260015.1100794594
cdte-2000-530-96,cdte,2000,530,31408.75120300464,1120693.6581500848
cdte-1400-780-96,cdte,1400,780,28345.74075484313,1010224.561959313
cdteneutron-1900-480-96,cdteneutron,1900,480,14528.764614641561,47858.63736358374
cdte-1100-780-96,cdte,1100,780,27726.851930760622,1052357.6509286372
cdteneutron-1400-430-96,cdteneutron,1400,430,13023.316174843127,35641.51677026983
cdte-1500-430-96,cdte,1500,430,34338.20226219557,1219217.5229207254
cdte-2000-480-96,cdte,2000,480,31467.052003004635,1158618.1853456048
cdteneutron-1200-880-96,cdteneutron,1200,880,7209.08814861976,43549.22575197565
cdteneutron-1500-230-96,cdteneutron,1500,230,7607.090332195565,11003.362328015566
si-842-280-96,si,842,280,3237.8278378087925,1991609.8412497032
cdte-1500-1230-96,cdte,1500,1230,1624970.752562195,943793.2537967955
cdteneutron-1100-130-96,cdteneutron,1100,130,7195.1372707606215,9049.15599095062
cdteneutron-1400-830-96,cdteneutron,1400,830,7259.965544843126,48304.64702174501
cdte-1300-30-96,cdte,1300,30,2627.7153464790176,64127.51534647906
cdte-1300-630-96,cdte,1300,630,27723.389346479016,1081593.581667619
si-900-380-96,si,900,380,460545.5830645391,1661811.2764612504
cdteneutron-1200-230-96,cdteneutron,1200,230,7200.163158619761,8618.02133961976
cdteneutron-1200-1030-96,cdteneutron,1200,1030,7378.744138619761,40007.95546722383
si-668-580-96,si,668,580,2095760.4056081255,1563440.3438198506
cdteneutron-1200-630-96,cdteneutron,1200,630,7280.82284861976,23950.508635924765
si-552-1180-96,si,552,1180,1701306.0406546656,1664552.3917786556
si-784-230-96,si,784,230,4004.0357110789582,1403180.923979345
si-320-1130-96,si,320,1130,1919250.3467982518,1898072.6835413047
si-610-1180-96,si,610,1180,1638663.364781395,1599792.3842872665
cdte-1000-130-96,cdte,1000,130,2021.700322397799,1413967.589071456
si-784-1130-96,si,784,1130,1505437.7290110788,1463178.445339798
si-378-830-96,si,378,830,1931838.0927497288,1827154.637373223
cdteneutron-1600-380-96,cdteneutron,1600,380,9025.72423055867,32972.48485265468
si-900-1230-96,si,900,1230,1403950.2397645393,1401422.3154923744
cdteneutron-2000-30-96,cdteneutron,2000,30,10909.977273004633,20483.69757508063
cdte-1500-580-96,cdte,1500,580,29016.995562195567,1101343.8283049257
cdte-1600-1230-96,cdte,1600,1230,1578081.4323705588,931048.5853496788
cdteneutron-1500-180-96,cdteneutron,1500,180,7692.674462195567,9414.451472075565
si-494-1280-96,si,494,1280,1757490.0111031882,1736121.0457865614
si-378-580-96,si,378,580,2067365.4846497288,1856451.8888330734
cdte-1600-180-96,cdte,1600,180,3233.7303705586687,1883527.5103831587
cdte-2000-1280-96,cdte,2000,1280,1250309.5574430046,881159.5950493595
si-842-1130-96,si,842,1130,1462916.3622378088,1417143.1264699956
si-842-30-96,si,842,30,1702.5324378087923,96622.33243780881
si-552-30-96,si,552,30,1116.7179546654525,145829.71795466545
si-378-380-96,si,378,380,388676.9476497288,2025192.8402097719
si-378-280-96,si,378,280,1709.3438497288384,1723676.5542407385
cdteneutron-1000-630-96,cdteneutron,1000,630,6803.361312397798,24086.9789918807
cdteneutron-1400-380-96,cdteneutron,1400,380,8262.925004843126,35891.73830206206
cdte-1800-1330-96,cdte,1800,1330,1180886.5046062777,906610.1863922717
cdteneutron-1800-30-96,cdteneutron,1800,30,10371.513946277692,19660.488621301687
si-842-580-96,si,842,580,2060152.541437809,1446427.023202792
si-494-1130-96,si,494,1130,1766027.6217031884,1716897.1354855602
cdte-1000-630-96,cdte,1000,630,27724.6933223978,1123331.0682362947
cdte-1500-930-96,cdte,1500,930,2297871.0867621955,965446.2231568955
cdte-1400-430-96,cdte,1400,430,30959.93585484313,1218815.323814953
cdte-1700-330-96,cdte,1700,330,26093.241078925734,1201390.6819417458
cdte-1300-980-96,cdte,1300,980,2285698.071346479,986611.163205751
cdte-1800-280-96,cdte,1800,280,24323.98788627769,1229454.3222470777
cdte-1700-630-96,cdte,1700,630,30159.444678925734,1053907.242178046
si-784-430-96,si,784,430,340920.215711079,1609632.4529150804
cdteneutron-1900-1080-96,cdteneutron,1900,1080,8852.245684641555,53349.91683145337
cdteneutron-1300-580-96,cdteneutron,1300,580,7054.57782647902,32631.976771275018
cdte-1400-180-96,cdte,1400,180,2829.7204548431264,1900008.393493889
cdte-1000-1330-96,cdte,1000,1330,1514729.349232398,1068108.3752489428
cdteneutron-2000-1130-96,cdteneutron,2000,1130,9268.527183004635,64709.438293946536
cdteneutron-1900-630-96,cdteneutron,1900,630,9021.139394641557,37242.23406998347
cdte-1500-630-96,cdte,1500,630,27225.581662195567,1066376.8691697957
cdteneutron-1000-730-96,cdteneutron,1000,730,6628.2449623978,70155.04782288201
si-494-230-96,si,494,230,2799.555103188296,1072245.5026493962
cdteneutron-2000-1230-96,cdteneutron,2000,1230,9460.250183004635,49188.623428774634
si-900-830-96,si,900,830,1520314.5385645393,1396921.2701790142
si-784-30-96,si,784,30,1585.3695110789583,103520.36951107894
cdte-1900-1130-96,cdte,1900,1130,2045440.954794641,904151.7462691541
cdteneutron-2000-1180-96,cdteneutron,2000,1180,8897.369143004635,56127.22703671094
cdte-1700-830-96,cdte,1700,830,206333.12707892575,967666.2335849358
cdte-1600-330-96,cdte,1600,330,25199.533970558667,1206646.2783938085
cdteneutron-1800-980-96,cdteneutron,1800,980,8831.49884627769,55281.8680430952
cdte-1700-1080-96,cdte,1700,1080,2229286.986178926,924457.4042180155
si-842-830-96,si,842,830,1534585.899837809,1407509.0873644769
si-494-280-96,si,494,280,1799.5551031882956,1855042.2262083872
cdte-1500-530-96,cdte,1500,530,31075.974262195567,1146897.4434133074
si-378-30-96,si,378,30,765.2292497288383,211949.229249729
cdteneutron-1400-930-96,cdteneutron,1400,930,7616.136624843127,49327.124349768215
cdteneutron-1000-280-96,cdteneutron,1000,280,6581.957882397799,11371.4147661247
si-436-30-96,si,436,30,882.3921764587591,184025.39217645887
si-320-180-96,si,320,180,648.0663982516053,929502.4032687764
cdte-1900-1180-96,cdte,1900,1180,1750642.213294642,899192.6635518066
si-784-880-96,si,784,880,1567704.227111079,1426471.548951856
cdteneutron-1800-630-96,cdteneutron,1800,630,8729.710626277689,38240.43989054169
cdteneutron-1800-1180-96,cdteneutron,1800,1180,8628.63109627769,47086.9022770252
cdte-1100-1330-96,cdte,1100,1330,1480296.390180761,1048493.7578324975
si-552-80-96,si,552,80,1116.7179546654525,13455.422854705454
cdte-1700-730-96,cdte,1700,730,26759.908978925734,999597.5058247858
cdteneutron-1200-430-96,cdteneutron,1200,430,12985.19762861976,28664.17041399906
cdte-1700-1280-96,cdte,1700,1280,1322291.890608926,919144.9004023756
cdteneutron-1000-530-96,cdteneutron,1000,530,12984.6746523978,32976.3844965143
si-378-180-96,si,378,180,765.2292497288383,1050539.1970080656
cdteneutron-1200-980-96,cdteneutron,1200,980,7405.058498619758,42263.34632512756
si-726-1230-96,si,726,1230,1529501.3412348542,1522696.9946848997
si-320-730-96,si,320,730,1989046.4050982515,1942488.1303008215
si-842-780-96,si,842,780,1595269.313437809,1413493.1296301791
cdteneutron-1800-430-96,cdteneutron,1800,430,14248.796346277692,50005.69143031768
si-900-980-96,si,900,980,1439414.2463645388,1365479.9223704983
cdte-1500-30-96,cdte,1500,30,3031.7252621955654,56336.02526219557
cdte-1600-830-96,cdte,1600,830,219215.92607055866,976790.0873811886
cdte-1200-880-96,cdte,1200,880,1888429.5545886199,1016145.7297943897
si-784-580-96,si,784,580,2070429.438711079,1473733.5559004508
si-436-1080-96,si,436,1080,1845415.4706764584,1789349.1245121886
cdteneutron-1400-1330-96,cdteneutron,1400,1330,7358.439894843126,38310.94443156012
cdteneutron-1400-980-96,cdteneutron,1400,980,7582.146674843127,50393.51395022011
cdte-1900-830-96,cdte,1900,830,220428.77849464153,950552.8084756216
si-610-930-96,si,610,930,1697193.7120813956,1581616.4173953524
si-378-980-96,si,378,980,1894248.2967497285,1834529.7899174627
cdte-1300-280-96,cdte,1300,280,20378.46354647902,1254637.401096379
si-842-230-96,si,842,230,2702.5324378087926,1442973.4293804544
cdte-1700-180-96,cdte,1700,180,3435.7354789257324,1860889.7321912
cdte-2000-230-96,cdte,2000,230,13344.013903004634,1430920.4437311145
si-726-280-96,si,726,280,4122.197134854398,1970908.8314371058
si-552-580-96,si,552,580,2171908.4736546655,1702248.8860632698
cdteneutron-1900-1230-96,cdteneutron,1900,1230,9204.033054641559,51853.80626803186
cdte-1400-580-96,cdte,1400,580,29423.833854843127,1108205.975733543
si-668-1330-96,si,668,1330,1601695.462908125,1604625.081358759
cdte-1000-830-96,cdte,1000,830,173792.28912239778,1063558.372745704
si-668-130-96,si,668,130,1351.043808125087,1652871.8695456749
cdte-1200-230-96,cdte,1200,230,11057.09498861976,1502486.6110241397
si-900-1330-96,si,900,1330,1405955.3976645397,1404970.0839206686
si-900-1130-96,si,900,1130,1445002.7050645396,1398207.149454911
cdteneutron-1300-630-96,cdteneutron,1300,630,7131.585226479019,23777.589447973016
si-668-630-96,si,668,630,1954505.059508125,1531663.1073677586
cdteneutron-1800-380-96,cdteneutron,1800,380,9571.82732627769,32270.995415591686
si-494-580-96,si,494,580,2154755.1302031884,1739481.9777308253
cdte-1100-130-96,cdte,1100,130,2223.7054307606218,1443801.0143307555
cdteneutron-1200-380-96,cdteneutron,1200,380,8480.04542861976,29437.315534753656
cdte-1300-830-96,cdte,1300,830,176908.29344647902,1005903.3343114895
si-842-330-96,si,842,330,364472.8508378088,1946923.92042137
cdteneutron-1200-1230-96,cdteneutron,1200,1230,7143.95171861976,47059.94165847813
si-610-430-96,si,610,430,235615.89408139538,1737365.5150033275
cdte-1800-1180-96,cdte,1800,1180,1768001.3196262778,901952.6635170187
cdte-1800-530-96,cdte,1800,530,30196.418386277688,1129821.6709886075
si-784-780-96,si,784,780,1619481.4413110793,1445171.99187214
si-320-680-96,si,320,680,2028712.8618982516,1955278.104397401
si-552-780-96,si,552,780,1847806.890654666,1651464.2832517247
cdteneutron-1600-780-96,cdteneutron,1600,780,8329.53625055867,48007.83631123977
cdteneutron-1100-430-96,cdteneutron,1100,430,12601.79409076062,20567.684046909024
cdte-1600-580-96,cdte,1600,580,30584.10957055867,1091618.0710186386
cdte-1000-1230-96,cdte,1000,1230,1838867.077522398,1058494.5624340968
cdteneutron-1700-680-96,cdteneutron,1700,680,8475.531778925733,49560.31819045659
si-610-730-96,si,610,730,1858717.7565813952,1589341.011152822
si-552-630-96,si,552,630,2023999.7219546654,1666485.4749262708
cdteneutron-1300-680-96,cdteneutron,1300,680,7112.485366479019,38612.00052639934
cdte-1800-1230-96,cdte,1800,1230,1502156.6566262774,901204.8070239918
cdte-1500-1080-96,cdte,1500,1080,2291618.7549621956,948886.5611504356
cdteneutron-1700-880-96,cdteneutron,1700,880,8355.832398925733,57498.87223620359
cdteneutron-1900-1280-96,cdteneutron,1900,1280,9204.033054641559,51854.952391030565
cdte-1300-1080-96,cdte,1300,1080,2363028.309646479,987509.9273478971
cdte-1800-880-96,cdte,1800,880,2082300.7803862775,946526.6404509976
cdteneutron-1900-530-96,cdteneutron,1900,530,14954.288274641558,59083.13837285416
cdteneutron-2000-830-96,cdteneutron,2000,830,9372.361983004634,38179.40950356693
cdteneutron-1300-1230-96,cdteneutron,1300,1230,7355.129926479019,38142.86529973801
cdte-1400-680-96,cdte,1400,680,30044.58435484313,1042031.7931927411
cdteneutron-1700-1230-96,cdteneutron,1700,1230,8846.515888925735,42872.059302023335
cdteneutron-1300-430-96,cdteneutron,1300,430,12764.521956479019,27890.355715556816
cdte-1900-530-96,cdte,1900,530,32324.625694641552,1132512.8498276218
cdte-1100-230-96,cdte,1100,230,12330.01443076062,1511869.8274072406
cdte-1000-580-96,cdte,1000,580,25965.546422397798,1150319.5706961278
si-900-680-96,si,900,680,1690627.3901645392,1394482.0441875788
cdteneutron-1100-630-96,cdteneutron,1100,630,6990.81522076062,23923.86169092362
si-900-330-96,si,900,330,398806.57576453924,1927945.2596403398
cdte-1500-780-96,cdte,1500,780,30048.191562195567,995690.0353953106
cdteneutron-1400-1230-96,cdteneutron,1400,1230,7479.657114843127,37806.68459357773
cdte-2000-630-96,cdte,2000,630,29114.132603004637,1042632.4458495446
cdte-1200-380-96,cdte,1200,380,29338.21718861976,1249967.7670126297
cdteneutron-1400-1130-96,cdteneutron,1400,1130,7440.241344843127,45580.04870292932
si-726-580-96,si,726,580,2076974.4450348546,1515065.4810968528
cdteneutron-1500-730-96,cdteneutron,1500,730,7758.2523121955655,60714.24216715197
si-320-830-96,si,320,830,1976248.1922982517,1915765.1870165982
cdteneutron-1600-330-96,cdteneutron,1600,330,8157.614940558671,21442.69794239067
si-320-330-96,si,320,330,158621.89739825163,2120955.107427539
cdte-1000-980-96,cdte,1000,980,2281062.3699223977,1053177.7623913577
cdteneutron-1900-1180-96,cdteneutron,1900,1180,8754.319294641555,46821.94289213955
si-436-80-96,si,436,80,882.3921764587591,12424.494743158757
cdteneutron-1100-280-96,cdteneutron,1100,280,6958.15427076062,11901.174052891221
cdte-1800-330-96,cdte,1800,330,26167.96228627769,1196695.4204201878
cdte-1200-430-96,cdte,1200,430,28590.85858861976,1232737.1684426696
si-726-630-96,si,726,630,1917705.4659348545,1486995.2121633603
si-494-630-96,si,494,630,2033223.0201031885,1742999.0072837274
cdteneutron-1200-130-96,cdteneutron,1200,130,7301.94131861976,9150.10845982976
si-436-1280-96,si,436,1280,1833741.6239764588,1831166.931598328
cdteneutron-1900-130-96,cdteneutron,1900,130,8971.381084641556,15767.129304808555
cdte-1200-330-96,cdte,1200,330,26284.964888619754,1223576.1788662197
cdte-1100-1180-96,cdte,1100,1180,2096370.0107307604,1026267.0918803145
cdte-1900-930-96,cdte,1900,930,2210154.831594642,925708.2139808707
cdteneutron-1100-780-96,cdteneutron,1100,780,6900.677390760621,61170.439326958316
cdte-1100-830-96,cdte,1100,830,168549.63773076065,1036917.2303949486
cdteneutron-1100-230-96,cdteneutron,1100,230,6880.878990760622,8247.598738260622
si-610-30-96,si,610,30,1233.880881395333,132205.88088139537
cdteneutron-1400-280-96,cdteneutron,1400,280,10276.560384843127,16416.461627461125
cdte-1500-480-96,cdte,1500,480,29371.422162195573,1184269.4626565357
cdteneutron-1000-980-96,cdteneutron,1000,980,6594.374602397799,61937.23541846005
si-552-1230-96,si,552,1230,1718268.485754665,1687096.716637826
cdte-1800-980-96,cdte,1800,980,2153901.920786278,923495.5308675718
cdte-1500-330-96,cdte,1500,330,25706.12466219557,1214191.3076034053
cdte-1600-1330-96,cdte,1600,1330,1241226.7432205586,931466.9589653976
cdte-1700-430-96,cdte,1700,430,31810.828078925733,1214426.3472090154
cdte-1400-380-96,cdte,1400,380,30835.63875484313,1236973.9748025832
si-436-1180-96,si,436,1180,1809759.5899764586,1787940.6958486375
cdte-1300-680-96,cdte,1300,680,27738.71924647902,1055614.671199243
cdteneutron-1700-580-96,cdteneutron,1700,580,8354.388108925734,44961.52263273744
si-494-330-96,si,494,330,208273.5167031883,2118564.640725766
si-668-1030-96,si,668,1030,1632290.015808125,1553977.898090545
cdteneutron-1200-1280-96,cdteneutron,1200,1280,7143.95171861976,47060.73287882251
cdte-1900-1080-96,cdte,1900,1080,2178030.933494642,905935.8859274794
cdteneutron-1500-130-96,cdteneutron,1500,130,7868.819932195565,9727.304701595565
cdteneutron-1100-1330-96,cdteneutron,1100,1330,6829.123020760621,42052.29438283732
cdte-1800-630-96,cdte,1800,630,30807.446686277694,1052258.1995322746
cdte-1300-230-96,cdte,1300,230,15836.717146479019,1498671.4809513192
si-494-930-96,si,494,930,1805879.9199031885,1692846.1222064875
cdteneutron-1400-580-96,cdteneutron,1400,580,7291.716464843126,36079.41283529663
si-726-80-96,si,726,80,1468.2067348543985,14751.9806362244
si-552-430-96,si,552,430,201086.12935466546,1801887.1654077766
si-726-330-96,si,726,330,237041.36643485434,2007589.6343877201
cdteneutron-1700-80-96,cdteneutron,1700,80,11960.506948925733,17012.18930618773
cdte-1100-1230-96,cdte,1100,1230,1793687.9586307607,1029828.7075800035
si-842-530-96,si,842,530,2228588.2490378087,1454262.2139488414
cdteneutron-1200-80-96,cdteneutron,1200,80,6951.207028619759,8696.53670673976
cdte-2000-80-96,cdte,2000,80,4041.750503004634,880875.8589637645
cdteneutron-1200-1180-96,cdteneutron,1200,1180,7124.15346861976,43655.83131724906
si-494-730-96,si,494,730,1955353.1040031887,1715244.616343192
cdteneutron-1800-80-96,cdteneutron,1800,80,11858.10673627769,22698.06485019869
cdteneutron-1300-1330-96,cdteneutron,1300,1330,7633.401156479019,38922.71797558172
cdteneutron-1100-980-96,cdteneutron,1100,980,6812.625180760622,61037.98432730712
si-494-830-96,si,494,830,1807991.8537031882,1691712.1839484428
si-378-780-96,si,378,780,1964269.465449729,1836422.700158797
si-900-480-96,si,900,480,939040.9910645393,1467460.9418308556
si-900-1080-96,si,900,1080,1453520.0923645394,1388833.1477494694
si-726-1130-96,si,726,1130,1561554.3840348541,1500729.375850597
si-668-730-96,si,668,730,1805252.6250081253,1541779.6126629906
cdteneutron-1600-880-96,cdteneutron,1600,880,8049.35615055867,48466.62604708687
cdteneutron-1300-980-96,cdteneutron,1300,980,7315.174886479017,40259.52967219202
cdte-1600-80-96,cdte,1600,80,3233.7303705586687,888615.705613679
cdte-1600-230-96,cdte,1600,230,14151.899370558669,1468527.6953785785
si-668-980-96,si,668,980,1645503.908608125,1559059.4067593857
cdte-1300-1180-96,cdte,1300,1180,1987515.0203464793,982062.4593610683
si-784-980-96,si,784,980,1526032.1717110788,1443832.2576129283
si-842-1180-96,si,842,1180,1475643.4597378084,1428463.0955633102
si-784-1280-96,si,784,1280,1508346.131111079,1495700.9122207207
cdte-1100-1080-96,cdte,1100,1080,2389969.417930761,1031276.9709503216
cdteneutron-1700-1280-96,cdteneutron,1700,1280,8846.515888925735,42872.96350414544
si-436-130-96,si,436,130,882.3921764587591,1391898.369631878
cdteneutron-1300-380-96,cdteneutron,1300,380,8314.330146479018,32239.641882547006
cdteneutron-1700-280-96,cdteneutron,1700,280,10968.623158925731,18225.45820689273
si-900-430-96,si,900,430,358410.5591645392,1536300.2110724384
si-320-930-96,si,320,930,1921639.5156982513,1884896.669196788
si-436-280-96,si,436,280,2022.9087764587591,1789941.3682827149
cdte-2000-1230-96,cdte,2000,1230,1438509.8613930047,883645.9794424647
si-494-430-96,si,494,430,202417.8467031883,1835682.2347259764
cdteneutron-1700-1080-96,cdteneutron,1700,1080,8629.435298925733,44196.795901600635
cdteneutron-1200-1130-96,cdteneutron,1200,1130,7182.68266861976,51312.65849813056
cdte-1200-1030-96,cdte,1200,1030,2265999.0066886195,1004410.2395618287
cdte-1900-880-96,cdte,1900,880,2055706.0653946414,937594.6206500415
cdte-1600-730-96,cdte,1600,730,29191.088770558672,1009850.4583069085
cdteneutron-1000-1030-96,cdteneutron,1000,1030,6404.822622397799,59068.855268538005
si-900-880-96,si,900,880,1504421.2332645392,1381597.2115773426
cdteneutron-1800-1130-96,cdteneutron,1800,1130,8735.16494627769,55296.802213972784
cdteneutron-1600-80-96,cdteneutron,1600,80,16472.87989055867,18334.59704393497
cdteneutron-1900-1330-96,cdteneutron,1900,1330,9279.892454641556,52528.75559652706
cdteneutron-1300-1130-96,cdteneutron,1300,1130,7531.150606479018,41064.40958049583
cdteneutron-1500-330-96,cdteneutron,1500,330,7849.350572195566,20982.75719277857
cdte-1000-430-96,cdte,1000,430,30512.7597223978,1262437.211196198
si-784-380-96,si,784,380,382405.78211107897,1732912.161711795
cdteneutron-1700-1130-96,cdteneutron,1700,1130,8698.835938925735,48666.9420002258
si-668-530-96,si,668,530,2136889.2032081257,1593694.2110298686
si-842-630-96,si,842,630,1863853.4007378086,1424664.7849253935
cdteneutron-1500-580-96,cdteneutron,1500,580,7607.221882195565,36160.15861221866
cdteneutron-1500-1030-96,cdteneutron,1500,1030,7769.893902195566,45763.422506851566
cdteneutron-1000-430-96,cdteneutron,1000,430,12375.557612397797,22562.533100839803
si-900-1280-96,si,900,1280,1418710.7429645392,1398461.5258768548
cdte-1000-80-96,cdte,1000,80,2021.700322397799,857444.8826216279
cdteneutron-1300-830-96,cdteneutron,1300,830,7099.099416479017,45544.070952355716
cdte-1600-1280-96,cdte,1600,1280,1370151.2217105587,929100.4500534787
cdte-1200-630-96,cdte,1200,630,31736.97508861976,1086801.754801962
si-610-480-96,si,610,480,830796.0275813952,1672400.6164120948
cdteneutron-1300-730-96,cdteneutron,1300,730,7018.421956479018,57281.78640179401
cdteneutron-2000-1330-96,cdteneutron,2000,1330,9353.007713004636,50809.890491018734
cdteneutron-1800-1080-96,cdteneutron,1800,1080,8859.728236277688,52767.0830773966
cdte-1300-880-96,cdte,1300,880,1947795.317846479,1004192.2123703732
cdteneutron-1300-30-96,cdteneutron,1300,30,6967.750316479019,9920.623549332018
cdteneutron-1400-530-96,cdteneutron,1400,530,13475.401694843125,42166.444168681424
cdte-1900-230-96,cdte,1900,230,12774.987794641556,1443233.9324767515
cdte-1700-80-96,cdte,1700,80,3435.7354789257324,900560.3419280809
si-320-630-96,si,320,630,2040779.1899982516,1916842.3446523608
cdte-1200-130-96,cdte,1200,130,2425.7103886197597,1474156.0441871304
cdteneutron-1100-80-96,cdteneutron,1100,80,6663.848900760621,8537.520396060621
cdte-1700-1030-96,cdte,1700,1030,2206833.8699789257,926908.0205044257
cdte-1100-1030-96,cdte,1100,1030,2241030.8252307605,1029634.1649094147
cdte-2000-1080-96,cdte,2000,1080,2172381.5352030043,898859.0673769045
cdteneutron-1000-880-96,cdteneutron,1000,880,6604.912272397799,62235.08583081081
si-900-780-96,si,900,780,1505635.8050645392,1376624.3974375867
cdte-1700-480-96,cdte,1700,480,30091.63027892573,1175166.4690842659
si-784-830-96,si,784,830,1581557.059811079,1444459.1456083334
cdteneutron-1200-930-96,cdteneutron,1200,930,7390.39760861976,43663.356957364755
si-842-680-96,si,842,680,1709932.005937809,1427170.5610438269
cdteneutron-2000-180-96,cdteneutron,2000,180,12917.448763004631,19465.182253142633
si-668-330-96,si,668,330,232656.14090812512,2045960.6068067674
si-668-380-96,si,668,380,379656.9033081251,1805597.3968586505
cdte-1200-180-96,cdte,1200,180,2425.7103886197597,1945881.5635962314
si-436-1130-96,si,436,1130,1815694.1653764588,1780936.0052698767
cdte-1900-680-96,cdte,1900,680,30039.81929464156,1014075.0494090015
cdte-1600-630-96,cdte,1600,630,30037.301770558664,1057631.6176403584
cdteneutron-1700-30-96,cdteneutron,1700,30,10100.151688925733,14540.305019558731
cdte-1600-530-96,cdte,1600,530,29164.730670558667,1134795.1033277186
si-842-430-96,si,842,430,341858.57393780875,1576962.7946083106
cdteneutron-1000-1080-96,cdteneutron,1000,1080,6431.157292397799,38420.36219420479
cdte-1100-80-96,cdte,1100,80,2223.7054307606218,871679.1262553507
cdteneutron-1200-680-96,cdteneutron,1200,680,7347.665778619761,38052.41959639876
si-494-680-96,si,494,680,1979348.496103188,1720199.408177808
si-378-430-96,si,378,430,195029.88404972886,1969868.0536056273
cdte-1800-580-96,cdte,1800,580,32436.73948627769,1083512.7112320478
cdte-1900-630-96,cdte,1900,630,28889.63179464156,1046699.8696886714
cdteneutron-2000-280-96,cdteneutron,2000,280,11786.365403004635,21944.33136656763
cdteneutron-1700-930-96,cdteneutron,1700,930,8642.770078925732,49963.45371597252
cdte-1200-1080-96,cdte,1200,1080,2387052.5348886196,1004811.434314205
cdte-1100-580-96,cdte,1100,580,28118.481430760625,1136254.0834522587
cdte-1300-480-96,cdte,1300,480,30242.36394647902,1190645.6640552694
si-668-780-96,si,668,780,1713470.301908125,1529092.7897885581
cdte-2000-1130-96,cdte,2000,1130,2009190.1408030046,890959.1741025017
cdte-1500-1180-96,cdte,1500,1180,1902273.2868021955,944478.0256256316
si-552-930-96,si,552,930,1758448.5679546655,1625122.589014214
cdteneutron-1900-680-96,cdteneutron,1900,680,8995.720924641557,38041.22821628955
cdteneutron-1800-480-96,cdteneutron,1800,480,14346.488496277689,50534.259487768795
si-900-230-96,si,900,230,3204.2047645391895,1432382.6501790304
cdte-1300-1330-96,cdte,1300,1330,1357201.6934664792,981639.581620552
si-900-280-96,si,900,280,3742.3717645391894,2011460.8077991777
cdteneutron-2000-530-96,cdteneutron,2000,530,15264.889813004635,80628.85800808093
cdteneutron-1800-780-96,cdteneutron,1800,780,8867.448486277688,48905.5080397967
cdteneutron-1000-1230-96,cdteneutron,1000,1230,6534.412702397801,43348.42430074501
cdte-1400-930-96,cdte,1400,930,2320445.261254843,976564.7699471932
cdteneutron-1800-530-96,cdteneutron,1800,530,14752.618226277691,59503.89935484579
cdte-1200-80-96,cdte,1200,80,2425.7103886197597,883024.9006505099
cdte-1500-730-96,cdte,1500,730,29948.874162195563,1012560.2955143655
cdteneutron-1600-130-96,cdteneutron,1600,130,7975.986090558669,9513.06335430867
cdte-1700-880-96,cdte,1700,880,2072846.1709789257,954095.8821628377
cdte-2000-130-96,cdte,2000,130,4041.750503004634,1533171.242767431
cdteneutron-1900-580-96,cdteneutron,1900,580,8893.562204641557,52858.33640029757
cdteneutron-1200-180-96,cdteneutron,1200,180,7304.3287186197595,9106.36047461976
si-668-930-96,si,668,930,1647394.8083081252,1539644.4267334752
cdteneutron-1600-530-96,cdteneutron,1600,530,14631.09260055867,56851.688166570675
cdte-1500-280-96,cdte,1500,280,23943.970462195568,1243974.5840781955
si-726-1030-96,si,726,1030,1566634.3946348543,1501243.2876513507
si-610-580-96,si,610,580,2151356.3127813954,1644159.0754052834
cdte-1700-130-96,cdte,1700,130,3435.7354789257324,1500188.246695916
cdteneutron-2000-80-96,cdteneutron,2000,80,12097.493923004633,22666.751302301636
cdteneutron-1100-580-96,cdteneutron,1100,580,7091.29847076062,25334.199733063622
cdteneutron-1300-1180-96,cdteneutron,1300,1180,7250.486006479017,32059.00981879902
cdte-1100-180-96,cdte,1100,180,2223.7054307606218,1964154.9971551094
si-900-530-96,si,900,530,2225029.3480645386,1438231.7598317794
si-610-880-96,si,610,880,1736213.033481395,1581438.8872273327
si-494-1180-96,si,494,1180,1730592.5021031885,1729855.0300100113
cdte-1600-1180-96,cdte,1600,1180,1837682.8931705588,928600.9538015262
cdteneutron-1700-1180-96,cdteneutron,1700,1180,8577.649908925734,39893.169684645734
si-552-480-96,si,552,480,763979.5450546653,1708205.1344400104
cdteneutron-1000-1130-96,cdteneutron,1000,1130,6522.0316623978,38505.69971852929
cdteneutron-2000-980-96,cdteneutron,2000,980,9353.422603004636,67103.63813209694
cdte-1300-430-96,cdte,1300,430,29039.749046479017,1230066.100475629
si-320-780-96,si,320,780,1985627.0114982517,1920944.289522911
cdteneutron-1400-480-96,cdteneutron,1400,480,13010.655254843125,36662.258302594826
si-842-1280-96,si,842,1280,1481686.417237809,1459724.4837637057
cdteneutron-1700-980-96,cdteneutron,1700,980,8514.132768925732,45804.34440089173
si-842-80-96,si,842,80,1702.5324378087923,17416.056719848795
cdteneutron-1700-130-96,cdteneutron,1700,130,8381.408048925732,14988.622405747732
si-900-730-96,si,900,730,1616447.5079645393,1386799.8658540156
cdteneutron-1100-330-96,cdteneutron,1100,330,6896.325760760622,16860.662976750624
si-494-1030-96,si,494,1030,1740735.4319031881,1676925.658891695
cdteneutron-1200-1330-96,cdteneutron,1200,1330,7125.251518619761,47372.35379663177
si-320-530-96,si,320,530,1695034.4880982516,1979327.4292415848
cdteneutron-1200-480-96,cdteneutron,1200,480,12991.23445861976,29065.088965306757
cdte-1500-1280-96,cdte,1500,1280,1403189.3413521955,944957.2301433756
cdteneutron-1300-80-96,cdteneutron,1300,80,7051.534186479018,8954.865222049017
cdte-1000-1030-96,cdte,1000,1030,2252897.2370223976,1058304.8909619856
si-784-130-96,si,784,130,1585.3695110789583,1708764.1573618122
cdteneutron-1400-80-96,cdteneutron,1400,80,9444.463094843128,11340.935687221527
si-784-1030-96,si,784,1030,1516988.9477110787,1433511.780408142
cdteneutron-1000-780-96,cdteneutron,1000,780,6656.292662397798,56354.444155818295
si-436-380-96,si,436,380,336585.4912764587,1987677.7628916695
cdteneutron-1200-830-96,cdteneutron,1200,830,7134.734468619759,42588.11601461777
si-668-1230-96,si,668,1230,1579443.757808125,1545801.7997778119
cdteneutron-1800-1280-96,cdteneutron,1800,1280,8961.96633627769,52076.1610990303
cdte-1800-1030-96,cdte,1800,1030,2150039.815386278,917265.4895961778
cdte-1500-880-96,cdte,1500,880,2039869.7247621955,976647.5077047258
cdte-2000-330-96,cdte,2000,330,27111.19600300464,1191655.8111604047
si-436-480-96,si,436,480,638462.4360764588,1832572.425843291
cdte-1000-780-96,cdte,1000,780,29051.757222397802,1067461.4304762566
cdteneutron-2000-230-96,cdteneutron,2000,230,8974.467963004634,11996.749473184635
si-726-830-96,si,726,830,1647586.2885348543,1501178.4083208186
cdte-1600-880-96,cdte,1600,880,2051146.371170559,962408.0474322637
cdte-1900-130-96,cdte,1900,130,3839.745394641557,1528929.5893684481
si-436-930-96,si,436,930,1898034.1733764587,1771392.1472476362
cdteneutron-1700-730-96,cdteneutron,1700,730,8506.271378925732,67910.20744644263
si-552-980-96,si,552,980,1760067.2250546652,1663861.8441883933
si-610-830-96,si,610,830,1737645.6130813956,1566863.3288731049
cdteneutron-1600-30-96,cdteneutron,1600,30,9823.87155055867,12147.458711246669
cdteneutron-1000-1280-96,cdteneutron,1000,1280,6534.412702397801,43349.175004547
si-552-330-96,si,552,330,233508.8390546655,2079926.8313064673
cdteneutron-1300-230-96,cdteneutron,1300,230,7168.108976479018,8516.893367479019
si-726-1330-96,si,726,1330,1555324.4222348544,1551445.3443960792
